Workbook

Sheet S1-2026
A3: EVALUACION TECNICO LEGAL DEL CENTRO
F9: ABC SERRANO | G9: ARAGONIA | H9: BAHIA REAL | I9: CALAHORRA | J9: CAMINO REAL | K9: LA DEHESA | L9: ED. MUNDO | M9: P. GUADALQUIVIR | N9: IRUÑA | O9: IZENEA | P9: LUZ DE CASTILLA | Q9: LA NORIA | R9: LA VEGA | S9: M. DE CAMPANAR | T9: M. FACTORY | U9: M. OCIO | V9: MEIXUEIRO | W9: OASIZ | X9: PUERTA DEL AVE | Y9: P. EBOLI | Z9: P. NUEVA | AA9: TRES AGUAS | AB9: TOSA | AC9: TUDELA | AD9: WAY
F10: ABC | G10: ARG | H10: BRE | I10: CAL | J10: CRE | K10: DEH | L10: EMU | M10: GUA | N10: IRU | O10: IZE | P10: LDC | Q10: LNO | R10: LVE | S10: MDC | T10: MFA | U10: MNO | V10: MEI | W10: OAS | X10: PDA | Y10: PLE | Z10: PLN | AA10: TAG | AB10: TOS | AC10: TUD | AD10: WAY
F11: 87 | G11: 45 | H11: 84 | I11: 37 | J11: 87 | K11: 63 | L11: 56 | M11: 64 | N11: 36 | O11: 56 | P11: 68 | Q11: 81 | R11: 73 | S11: 56 | T11: 81 | U11: 60 | V11: 72 | W11: 59 | X11: 57 | Y11: 69 | Z11: 63 | AA11: 88 | AB11: 58 | AC11: 49 | AD11: 85
Q12: =IF(J12=TRUE,IF(L12=TRUE,IF(N12=TRUE,"FAV.",IF(AND(N12=FALSE,P12=TRUE),"COND.","DESFAV.")),"PTE."),"-") -> -
A13: INSTALACIÓN
A14: 1 | B14: APARATOS ELEVADORES | C14: 1.1 | D14: Ascens. y Montac. | E14: OCA | F14: FAV. | G14: PTE. | H14: FAV. | I14: - | J14: FAV. | K14: FAV. | L14: PTE. | M14: COND. | N14: - | O14: FAV. | P14: FAV. | Q14: FAV. | R14: - | S14: FAV. | T14: FAV. | U14: FAV. | V14: FAV. | W14: FAV. | X14: - | Y14: FAV. | Z14: FAV. | AA14: FAV. | AB14: FAV. | AC14: - | AD14: FAV.
E15: OCA | F15: FAV. | G15: PTE. | H15: - | I15: - | J15: FAV. | K15: PTE. | L15: - | M15: - | N15: - | O15: COND. | P15: FAV. | Q15: FAV. | R15: - | S15: FAV. | T15: - | U15: FAV. | V15: FAV. | W15: FAV. | X15: - | Y15: FAV. | Z15: FAV. | AA15: FAV. | AB15: - | AC15: - | AD15: FAV.
E16: OCA | F16: FAV. | G16: PTE. | H16: - | I16: - | J16: FAV. | K16: - | L16: - | M16: - | N16: - | O16: - | P16: - | Q16: - | R16: FAV. | S16: FAV. | T16: - | U16: PTE. | V16: FAV. | W16: FAV. | X16: - | Y16: FAV. | Z16: - | AA16: - | AB16: - | AC16: - | AD16: FAV.
E17: OCA | F17: FAV. | G17: FAV. | H17: - | I17: - | J17: - | K17: - | L17: - | M17: - | N17: - | O17: - | P17: - | Q17: - | R17: FAV. | S17: FAV. | T17: - | U17: FAV. | V17: - | W17: FAV. | X17: - | Y17: FAV. | Z17: - | AA17: - | AB17: - | AC17: - | AD17: FAV.
E18: OCA | F18: FAV. | G18: FAV. | H18: - | I18: - | J18: - | K18: - | L18: - | M18: - | N18: - | O18: - | P18: - | Q18: - | R18: FAV. | S18: FAV. | T18: - | U18: - | V18: - | W18: FAV. | X18: - | Y18: - | Z18: - | AA18: - | AB18: - | AC18: - | AD18: -
E19: OCA | F19: FAV. | G19: PTE. | H19: - | I19: - | J19: - | K19: - | L19: - | M19: - | N19: - | O19: - | P19: - | Q19: - | R19: FAV. | S19: FAV. | T19: - | U19: - | V19: - | W19: - | X19: - | Y19: - | Z19: - | AA19: - | AB19: - | AC19: - | AD19: -
E20: OCA | F20: FAV. | G20: PTE. | H20: - | I20: - | J20: - | K20: - | L20: - | M20: - | N20: - | O20: - | P20: - | Q20: - | R20: FAV. | S20: FAV. | T20: - | U20: - | V20: - | W20: - | X20: - | Y20: - | Z20: - | AA20: - | AB20: - | AC20: - | AD20: -
E21: OCA | F21: FAV. | G21: PTE. | H21: - | I21: - | J21: - | K21: - | L21: - | M21: - | N21: - | O21: - | P21: - | Q21: - | R21: - | S21: - | T21: - | U21: - | V21: - | W21: - | X21: - | Y21: - | Z21: - | AA21: - | AB21: - | AC21: - | AD21: -
E22: OCA | F22: FAV. | G22: PTE. | H22: - | I22: - | J22: - | K22: - | L22: - | M22: - | N22: - | O22: - | P22: - | Q22: - | R22: - | S22: - | T22: - | U22: - | V22: - | W22: - | X22: - | Y22: - | Z22: - | AA22: - | AB22: - | AC22: - | AD22: -
F23: - | G23: FAV. | H23: - | I23: - | J23: - | K23: - | L23: - | M23: - | N23: - | O23: - | P23: - | Q23: - | R23: - | S23: - | T23: - | U23: - | V23: - | W23: - | X23: - | Y23: - | Z23: - | AA23: - | AB23: - | AC23: - | AD23: -
F24: - | G24: PTE. | H24: - | I24: - | J24: - | K24: - | L24: - | M24: - | N24: - | O24: - | P24: - | Q24: - | R24: - | S24: - | T24: - | U24: - | V24: - | W24: - | X24: - | Y24: - | Z24: - | AA24: - | AB24: - | AC24: - | AD24: -
F25: - | G25: PTE. | H25: - | I25: - | J25: - | K25: - | L25: - | M25: - | N25: - | O25: - | P25: - | Q25: - | R25: - | S25: - | T25: - | U25: - | V25: - | W25: - | X25: - | Y25: - | Z25: - | AA25: - | AB25: - | AC25: - | AD25: -
F26: - | G26: FAV. | H26: - | I26: - | J26: - | K26: - | L26: - | M26: - | N26: - | O26: - | P26: - | Q26: - | R26: - | S26: - | T26: - | U26: - | V26: - | W26: - | X26: - | Y26: - | Z26: - | AA26: - | AB26: - | AC26: - | AD26: -
E27: Revision | F27: FAV. | G27: PTE. | H27: FAV. | I27: - | J27: FAV. | K27: FAV. | L27: PTE. | M27: FAV. | N27: - | O27: FAV. | P27: FAV. | Q27: FAV. | R27: FAV. | S27: PTE. | T27: FAV. | U27: FAV. | V27: FAV. | W27: FAV. | X27: - | Y27: PTE. | Z27: FAV. | AA27: - | AB27: PTE. | AC27: - | AD27: PTE.
C28: 1.2 | D28: Escaleras mec. / Travelators | E28: Revision | F28: FAV. | G28: PTE. | H28: - | I28: PTE. | J28: - | K28: - | L28: - | M28: - | N28: - | O28: - | P28: FAV. | Q28: - | R28: FAV. | S28: - | T28: FAV. | U28: FAV. | V28: - | W28: FAV. | X28: - | Y28: PTE. | Z28: FAV. | AA28: - | AB28: PTE. | AC28: - | AD28: -
C29: 1.3 | D29: Góndolas | E29: Revision | F29: FAV. | G29: - | H29: - | I29: - | J29: - | K29: - | L29: - | M29: - | N29: - | O29: - | P29: - | Q29: - | R29: - | S29: - | T29: - | U29: - | V29: - | W29: - | X29: - | Y29: - | Z29: - | AA29: - | AB29: - | AC29: - | AD29: -
A30: 2 | B30: ELECTRICIDAD | C30: 2.1 | D30: Alta Tensión | E30: Revision | F30: FAV. | G30: FAV. | H30: - | I30: PTE. | J30: - | K30: - | L30: DESFAV. | M30: - | N30: PTE. | O30: - | P30: FAV. | Q30: FAV. | R30: FAV. | S30: FAV. | T30: FAV. | U30: FAV. | V30: - | W30: FAV. | X30: - | Y30: COND. | Z30: PTE. | AA30: PTE. | AB30: PTE. | AC30: PTE. | AD30: PTE.
E31: OCA | F31: FAV. | G31: FAV. | H31: - | I31: FAV. | J31: - | K31: - | L31: FAV. | M31: - | N31: FAV. | O31: - | P31: FAV. | Q31: FAV. | R31: FAV. | S31: PTE. | T31: FAV. | U31: PTE. | V31: - | W31: FAV. | X31: - | Y31: FAV. | Z31: FAV. | AA31: FAV. | AB31: FAV. | AC31: FAV. | AD31: FAV.
C32: 2.2 | D32: Baja Tensión | E32: Revision | F32: FAV. | G32: PTE. | H32: FAV. | I32: PTE. | J32: FAV. | K32: COND. | L32: COND. | M32: COND. | N32: PTE. | O32: COND. | P32: PTE. | Q32: FAV. | R32: FAV. | S32: DESFAV. | T32: FAV. | U32: PTE. | V32: FAV. | W32: PTE. | X32: FAV. | Y32: FAV. | Z32: PTE. | AA32: FAV. | AB32: PTE. | AC32: FAV. | AD32: FAV.
E33: Informe termografico | F33: PTE. | G33: PTE. | H33: - | I33: PTE. | J33: FAV. | K33: PTE. | L33: FAV. | M33: PTE. | N33: PTE. | O33: PTE. | P33: PTE. | Q33: FAV. | R33: FAV. | S33: PTE. | T33: PTE. | U33: PTE. | V33: PTE. | W33: PTE. | X33: FAV. | Y33: FAV. | Z33: PTE. | AA33: FAV. | AB33: PTE. | AC33: PTE. | AD33: FAV.
E34: OCA | F34: FAV. | G34: FAV. | H34: FAV. | I34: FAV. | J34: FAV. | K34: DESFAV. | L34: FAV. | M34: COND. | N34: FAV. | O34: - | P34: FAV. | Q34: FAV. | R34: FAV. | S34: DESFAV. | T34: FAV. | U34: PTE. | V34: COND. | W34: FAV. | X34: FAV. | Y34: FAV. | Z34: COND. | AA34: FAV. | AB34: FAV. | AC34: FAV. | AD34: FAV.
C35: 2.3 | D35: Bateria Condesnsadores | E35: Revision | F35: FAV. | G35: PTE. | H35: - | I35: PTE. | J35: FAV. | K35: - | L35: DESFAV. | M35: - | N35: - | O35: - | P35: PTE. | Q35: FAV. | R35: FAV. | S35: PTE. | T35: FAV. | U35: PTE. | V35: - | W35: PTE. | X35: - | Y35: - | Z35: PTE. | AA35: PTE. | AB35: FAV. | AC35: - | AD35: -
A36: 3 | B36: PARARRAYOS | C36: 3 | D36: Pararrayos | E36: Revision fav. | F36: FAV. | G36: FAV. | H36: FAV. | I36: PTE. | J36: FAV. | K36: COND. | L36: FAV. | M36: PTE. | N36: - | O36: FAV. | P36: FAV. | Q36: FAV. | R36: COND. | S36: FAV. | T36: - | U36: PTE. | V36: PTE. | W36: FAV. | X36: - | Y36: FAV. | Z36: FAV. | AA36: FAV. | AB36: FAV. | AC36: PTE. | AD36: PTE.
A37: 4 | B37: PCI | C37: 4.1 | D37: Ext., Det. y alar. Hid. | E37: Revision | F37: FAV. | G37: PTE. | H37: FAV. | I37: PTE. | J37: FAV. | K37: PTE. | L37: FAV. | M37: PTE. | N37: PTE. | O37: FAV. | P37: PTE. | Q37: FAV. | R37: PTE. | S37: PTE. | T37: PTE. | U37: PTE. | V37: FAV. | W37: FAV. | X37: - | Y37: PTE. | Z37: PTE. | AA37: FAV. | AB37: PTE. | AC37: FAV. | AD37: FAV.
E38: Revision | F38: FAV. | G38: PTE. | H38: FAV. | I38: PTE. | J38: FAV. | K38: COND. | L38: FAV. | M38: FAV. | N38: PTE. | O38: FAV. | P38: COND. | Q38: FAV. | R38: FAV. | S38: FAV. | T38: FAV. | U38: FAV. | V38: FAV. | W38: FAV. | X38: - | Y38: COND. | Z38: PTE. | AA38: FAV. | AB38: FAV. | AC38: FAV. | AD38: FAV.
E39: Acta Emp. Mant. | F39: - | G39: - | H39: - | I39: - | J39: - | K39: - | L39: - | M39: - | N39: - | O39: - | P39: - | Q39: - | R39: - | S39: - | T39: - | U39: - | V39: - | W39: - | X39: - | Y39: - | Z39: - | AA39: - | AB39: - | AC39: - | AD39: -
C40: 4.2 | D40: Inspección en est.ind. | E40: OCA | F40: FAV. | G40: FAV. | H40: - | I40: FAV. | J40: FAV. | K40: PTE. | L40: - | M40: FAV. | N40: - | O40: - | P40: FAV. | Q40: FAV. | R40: FAV. | S40: COND. | T40: FAV. | U40: FAV. | V40: FAV. | W40: FAV. | X40: PTE. | Y40: FAV. | Z40: FAV. | AA40: FAV. | AB40: FAV. | AC40: FAV. | AD40: FAV.
E41: OCA | F41: - | G41: - | H41: - | I41: - | J41: - | K41: - | L41: - | M41: - | N41: - | O41: - | P41: - | Q41: - | R41: - | S41: - | T41: - | U41: - | V41: - | W41: - | X41: - | Y41: - | Z41: - | AA41: - | AB41: - | AC41: - | AD41: -
E42: OCA | F42: - | G42: - | H42: - | I42: - | J42: - | K42: - | L42: - | M42: - | N42: - | O42: - | P42: - | Q42: - | R42: - | S42: - | T42: - | U42: - | V42: - | W42: - | X42: - | Y42: - | Z42: - | AA42: - | AB42: - | AC42: - | AD42: -
E43: OCA | F43: - | G43: - | H43: - | I43: - | J43: - | K43: - | L43: - | M43: - | N43: - | O43: - | P43: - | Q43: - | R43: - | S43: - | T43: - | U43: - | V43: - | W43: - | X43: - | Y43: - | Z43: - | AA43: - | AB43: - | AC43: - | AD43: -
C44: 4.3 | D44: Extintores | E44: Retimbrado | F44: FAV. | G44: PTE. | H44: FAV. | I44: PTE. | J44: FAV. | K44: FAV. | L44: FAV. | M44: FAV. | N44: - | O44: FAV. | P44: - | Q44: FAV. | R44: FAV. | S44: FAV. | T44: FAV. | U44: FAV. | V44: FAV. | W44: - | X44: DESFAV. | Y44: - | Z44: FAV. | AA44: FAV. | AB44: FAV. | AC44: FAV. | AD44: FAV.
C45: 4.4 | D45: Ilum. Emergencia y carteleria | E45: Revision | F45: PTE. | G45: PTE. | H45: FAV. | I45: PTE. | J45: FAV. | K45: FAV. | L45: FAV. | M45: DESFAV. | N45: PTE. | O45: COND. | P45: - | Q45: FAV. | R45: FAV. | S45: PTE. | T45: PTE. | U45: - | V45: PTE. | W45: PTE. | X45: FAV. | Y45: - | Z45: FAV. | AA45: FAV. | AB45: FAV. | AC45: PTE. | AD45: FAV.
C46: 4.5 | D46: Eq. Resp. Aut. (ERA) | E46: Revision equipo | F46: - | G46: - | H46: - | I46: - | J46: - | K46: - | L46: - | M46: - | N46: PTE. | O46: - | P46: - | Q46: - | R46: - | S46: - | T46: - | U46: - | V46: - | W46: - | X46: - | Y46: - | Z46: PTE. | AA46: - | AB46: - | AC46: - | AD46: FAV.
E47: Revision Botella | F47: - | G47: - | H47: - | I47: - | J47: - | K47: - | L47: - | M47: - | N47: - | O47: - | P47: - | Q47: - | R47: - | S47: - | T47: - | U47: - | V47: - | W47: - | X47: - | Y47: - | Z47: PTE. | AA47: - | AB47: - | AC47: - | AD47: FAV.
A48: 5 | B48: LEGIONELLA Y POTABILIDAD | C48: 5.1 | D48: Inst. AFCH y ACS | E48: Revision | F48: COND. | G48: PTE. | H48: FAV. | I48: PTE. | J48: FAV. | K48: - | L48: - | M48: - | N48: PTE. | O48: - | P48: PTE. | Q48: PTE. | R48: PTE. | S48: PTE. | T48: FAV. | U48: PTE. | V48: - | W48: PTE. | X48: - | Y48: FAV. | Z48: PTE. | AA48: FAV. | AB48: PTE. | AC48: PTE. | AD48: -
E49: Cert. L+D | F49: COND. | G49: PTE. | H49: FAV. | I49: PTE. | J49: FAV. | K49: - | L49: - | M49: - | N49: PTE. | O49: - | P49: PTE. | Q49: FAV. | R49: PTE. | S49: PTE. | T49: FAV. | U49: PTE. | V49: - | W49: PTE. | X49: - | Y49: PTE. | Z49: PTE. | AA49: FAV. | AB49: FAV. | AC49: PTE. | AD49: -
E50: Analiticas | F50: COND. | G50: PTE. | H50: FAV. | I50: PTE. | J50: FAV. | K50: - | L50: FAV. | M50: - | N50: PTE. | O50: - | P50: PTE. | Q50: PTE. | R50: PTE. | S50: PTE. | T50: FAV. | U50: PTE. | V50: - | W50: PTE. | X50: - | Y50: PTE. | Z50: PTE. | AA50: FAV. | AB50: PTE. | AC50: PTE. | AD50: -
C51: 5.2 | D51: Fte ornamental | E51: Revision | F51: - | G51: - | H51: - | I51: - | J51: - | K51: - | L51: - | M51: - | N51: - | O51: - | P51: - | Q51: PTE. | R51: - | S51: - | T51: - | U51: - | V51: - | W51: PTE. | X51: - | Y51: - | Z51: - | AA51: FAV. | AB51: PTE. | AC51: PTE. | AD51: -
E52: Cert. L+D | F52: - | G52: - | H52: - | I52: - | J52: - | K52: - | L52: - | M52: - | N52: - | O52: - | P52: - | Q52: FAV. | R52: - | S52: - | T52: - | U52: - | V52: - | W52: PTE. | X52: - | Y52: - | Z52: - | AA52: FAV. | AB52: PTE. | AC52: PTE. | AD52: -
E53: Analiticas | F53: - | G53: - | H53: - | I53: - | J53: - | K53: - | L53: - | M53: - | N53: - | O53: - | P53: - | Q53: PTE. | R53: - | S53: - | T53: - | U53: - | V53: - | W53: PTE. | X53: - | Y53: - | Z53: - | AA53: FAV. | AB53: PTE. | AC53: PTE. | AD53: -
C54: 5.2 | D54: Inst. PCI | E54: Revision | F54: FAV. | G54: PTE. | H54: FAV. | I54: PTE. | J54: FAV. | K54: FAV. | L54: PTE. | M54: FAV. | N54: PTE. | O54: PTE. | P54: PTE. | Q54: PTE. | R54: PTE. | S54: PTE. | T54: FAV. | U54: PTE. | V54: FAV. | W54: - | X54: PTE. | Y54: FAV. | Z54: PTE. | AA54: FAV. | AB54: PTE. | AC54: PTE. | AD54: FAV.
E55: Cert. L+D | F55: PTE. | G55: PTE. | H55: FAV. | I55: PTE. | J55: FAV. | K55: FAV. | L55: PTE. | M55: FAV. | N55: PTE. | O55: PTE. | P55: PTE. | Q55: FAV. | R55: PTE. | S55: PTE. | T55: FAV. | U55: PTE. | V55: FAV. | W55: - | X55: PTE. | Y55: PTE. | Z55: PTE. | AA55: FAV. | AB55: FAV. | AC55: PTE. | AD55: FAV.
E56: Analiticas | F56: FAV. | G56: PTE. | H56: FAV. | I56: PTE. | J56: FAV. | K56: FAV. | L56: PTE. | M56: PTE. | N56: PTE. | O56: PTE. | P56: PTE. | Q56: PTE. | R56: PTE. | S56: PTE. | T56: FAV. | U56: PTE. | V56: FAV. | W56: - | X56: PTE. | Y56: - | Z56: PTE. | AA56: PTE. | AB56: PTE. | AC56: PTE. | AD56: FAV.
C57: 5.3 | D57: P. terminales (Pot.) | E57: Analiticas | F57: FAV. | G57: PTE. | H57: - | I57: PTE. | J57: - | K57: - | L57: - | M57: - | N57: PTE. | O57: - | P57: PTE. | Q57: PTE. | R57: PTE. | S57: PTE. | T57: FAV. | U57: PTE. | V57: - | W57: PTE. | X57: - | Y57: PTE. | Z57: - | AA57: FAV. | AB57: PTE. | AC57: PTE. | AD57: FAV.
C58: 5.4 | D58: Torres de refrig. y cond. Evap. | E58: Cert. L+D | F58: PTE. | G58: PTE. | H58: - | I58: PTE. | J58: - | K58: - | L58: - | M58: - | N58: - | O58: - | P58: PTE. | Q58: - | R58: PTE. | S58: - | T58: FAV. | U58: PTE. | V58: - | W58: PTE. | X58: - | Y58: PTE. | Z58: - | AA58: FAV. | AB58: PTE. | AC58: - | AD58: FAV.
E59: Analiticas Legionela | F59: FAV. | G59: PTE. | H59: - | I59: PTE. | J59: - | K59: - | L59: - | M59: - | N59: - | O59: - | P59: PTE. | Q59: - | R59: PTE. | S59: - | T59: FAV. | U59: PTE. | V59: - | W59: PTE. | X59: - | Y59: PTE. | Z59: - | AA59: FAV. | AB59: PTE. | AC59: - | AD59: FAV.
E60: Analiticas FQ | F60: FAV. | G60: PTE. | H60: - | I60: PTE. | J60: - | K60: - | L60: - | M60: - | N60: - | O60: - | P60: PTE. | Q60: - | R60: PTE. | S60: - | T60: FAV. | U60: PTE. | V60: - | W60: PTE. | X60: - | Y60: PTE. | Z60: - | AA60: FAV. | AB60: PTE. | AC60: - | AD60: FAV.
E61: Analiticas Aerobios | F61: FAV. | G61: PTE. | H61: - | I61: PTE. | J61: - | K61: - | L61: - | M61: - | N61: - | O61: - | P61: PTE. | Q61: - | R61: PTE. | S61: - | T61: FAV. | U61: PTE. | V61: - | W61: PTE. | X61: - | Y61: PTE. | Z61: - | AA61: FAV. | AB61: PTE. | AC61: - | AD61: FAV.
E62: Revision | F62: FAV. | G62: - | H62: - | I62: PTE. | J62: - | K62: - | L62: - | M62: - | N62: - | O62: - | P62: - | Q62: - | R62: - | S62: - | T62: - | U62: PTE. | V62: - | W62: - | X62: - | Y62: FAV. | Z62: - | AA62: - | AB62: - | AC62: - | AD62: -
A63: 6 | B63: FONTANERÍA | C63: 6 | D63: Inst. fontanería y G. Presión | E63: Revision | F63: FAV. | G63: - | H63: - | I63: PTE. | J63: - | K63: FAV. | L63: - | M63: - | N63: - | O63: - | P63: - | Q63: FAV. | R63: FAV. | S63: DESFAV. | T63: FAV. | U63: FAV. | V63: - | W63: - | X63: - | Y63: PTE. | Z63: FAV. | AA63: FAV. | AB63: FAV. | AC63: PTE. | AD63: FAV.
A64: 7 | B64: CLIMATIZACION | C64: 7.1 | D64: Calefacción y agua caliente | E64: Revision | F64: PTE. | G64: PTE. | H64: - | I64: - | J64: - | K64: - | L64: - | M64: - | N64: PTE. | O64: - | P64: PTE. | Q64: - | R64: - | S64: - | T64: - | U64: - | V64: - | W64: PTE. | X64: - | Y64: PTE. | Z64: - | AA64: PTE. | AB64: - | AC64: PTE. | AD64: -
C65: 7.2 | D65: Sistemas A.A. | E65: Revision | F65: PTE. | G65: PTE. | H65: - | I65: - | J65: - | K65: - | L65: - | M65: FAV. | N65: PTE. | O65: - | P65: PTE. | Q65: - | R65: - | S65: - | T65: FAV. | U65: - | V65: - | W65: PTE. | X65: - | Y65: - | Z65: PTE. | AA65: PTE. | AB65: FAV. | AC65: PTE. | AD65: FAV.
C66: 7.3 | D66: Inst. Energ. A.A. | E66: OCA (P util>12 kW) | F66: FAV. | G66: FAV. | H66: - | I66: - | J66: - | K66: - | L66: - | M66: - | N66: PTE. | O66: - | P66: FAV. | Q66: - | R66: FAV. | S66: - | T66: PTE. | U66: FAV. | V66: - | W66: PTE. | X66: - | Y66: FAV. | Z66: - | AA66: FAV. | AB66: PTE. | AC66: - | AD66: FAV.
C67: 7.4 | D67: Inst. Energ. Calef. y ACS | E67: OCA (20≤P util≤70 kW) | F67: FAV. | G67: - | H67: - | I67: - | J67: - | K67: - | L67: - | M67: - | N67: - | O67: - | P67: - | Q67: - | R67: - | S67: - | T67: - | U67: - | V67: - | W67: - | X67: - | Y67: - | Z67: - | AA67: - | AB67: - | AC67: FAV. | AD67: -
E68: OCA (P util>70 kW) gases | F68: - | G68: FAV. | H68: - | I68: COND. | J68: - | K68: - | L68: - | M68: - | N68: FAV. | O68: - | P68: FAV. | Q68: - | R68: FAV. | S68: - | T68: - | U68: FAV. | V68: - | W68: PTE. | X68: - | Y68: FAV. | Z68: - | AA68: FAV. | AB68: - | AC68: - | AD68: -
E69: OCA (P util>70 kW) otras | F69: - | G69: - | H69: - | I69: - | J69: - | K69: - | L69: - | M69: - | N69: - | O69: - | P69: - | Q69: - | R69: - | S69: - | T69: - | U69: - | V69: - | W69: - | X69: - | Y69: - | Z69: - | AA69: - | AB69: - | AC69: - | AD69: -
C70: 7.5 | D70: CAI Climatizadores y conductos | E70: Revision | F70: FAV. | G70: PTE. | H70: - | I70: - | J70: - | K70: - | L70: - | M70: - | N70: - | O70: - | P70: FAV. | Q70: - | R70: FAV. | S70: - | T70: PTE. | U70: - | V70: - | W70: - | X70: - | Y70: COND. | Z70: - | AA70: FAV. | AB70: COND. | AC70: - | AD70: -
C71: 7.6 | D71: Inst. Termica Completa | E71: OCA (P>70 kW) | F71: FAV. | G71: FAV. | H71: - | I71: - | J71: - | K71: - | L71: - | M71: - | N71: - | O71: - | P71: FAV. | Q71: - | R71: - | S71: - | T71: PTE. | U71: PTE. | V71: - | W71: PTE. | X71: - | Y71: FAV. | Z71: - | AA71: - | AB71: PTE. | AC71: - | AD71: PTE.
A72: 8 | B72: GAS | C72: 8 | D72: Inst. receptora de gas | E72: Cert. FAV. de rev. | F72: FAV. | G72: - | H72: - | I72: - | J72: - | K72: - | L72: - | M72: - | N72: - | O72: - | P72: - | Q72: - | R72: - | S72: - | T72: - | U72: PTE. | V72: - | W72: - | X72: - | Y72: FAV. | Z72: - | AA72: FAV. | AB72: - | AC72: - | AD72: -
A73: 9 | B73: G. ELECTROGENO | C73: 9 | D73: Grupo Electrógeno | E73: Revision | F73: FAV. | G73: PTE. | H73: FAV. | I73: PTE. | J73: FAV. | K73: - | L73: - | M73: - | N73: PTE. | O73: - | P73: PTE. | Q73: FAV. | R73: FAV. | S73: DESFAV. | T73: FAV. | U73: FAV. | V73: - | W73: PTE. | X73: - | Y73: FAV. | Z73: FAV. | AA73: FAV. | AB73: PTE. | AC73: PTE. | AD73: PTE.
A74: 10 | B74: SAIs | C74: 10 | D74: SAIs | E74: Revision | F74: FAV. | G74: PTE. | H74: - | I74: - | J74: - | K74: - | L74: - | M74: - | N74: - | O74: - | P74: - | Q74: FAV. | R74: - | S74: - | T74: - | U74: - | V74: - | W74: PTE. | X74: - | Y74: FAV. | Z74: FAV. | AA74: FAV. | AB74: PTE. | AC74: - | AD74: PTE.
A75: 11 | B75: L. VIDA Y ANCLAJES | C75: 11 | D75: Anclajes y líneas de vida | E75: Parte de trabajo | F75: FAV. | G75: PTE. | H75: FAV. | I75: PTE. | J75: FAV. | K75: - | L75: - | M75: - | N75: PTE. | O75: FAV. | P75: FAV. | Q75: FAV. | R75: - | S75: - | T75: FAV. | U75: - | V75: - | W75: PTE. | X75: - | Y75: FAV. | Z75: FAV. | AA75: FAV. | AB75: - | AC75: FAV. | AD75: FAV.
A76: 12 | B76: BMS | C76: 12 | D76: Instalación de control | E76: Parte de trabajo | F76: FAV. | G76: - | H76: - | I76: - | J76: COND. | K76: - | L76: - | M76: - | N76: PTE. | O76: - | P76: - | Q76: - | R76: - | S76: - | T76: - | U76: - | V76: - | W76: PTE. | X76: - | Y76: PTE. | Z76: FAV. | AA76: FAV. | AB76: PTE. | AC76: PTE. | AD76: FAV.
A77: 13 | B77: PUERTAS AUT. | C77: 13 | D77: Puertas man. y aut. | E77: Revision | F77: FAV. | G77: PTE. | H77: - | I77: PTE. | J77: - | K77: - | L77: - | M77: - | N77: PTE. | O77: PTE. | P77: FAV. | Q77: FAV. | R77: FAV. | S77: - | T77: FAV. | U77: FAV. | V77: - | W77: PTE. | X77: - | Y77: PTE. | Z77: FAV. | AA77: FAV. | AB77: PTE. | AC77: PTE. | AD77: FAV.
A78: 14 | B78: ITE | C78: 14 | D78: Estruct., fachada, saneamiento | E78: Revision si >30 años | F78: FAV. | G78: - | H78: - | I78: - | J78: - | K78: - | L78: - | M78: - | N78: - | O78: - | P78: - | Q78: - | R78: - | S78: - | T78: - | U78: - | V78: - | W78: - | X78: - | Y78: - | Z78: - | AA78: - | AB78: - | AC78: - | AD78: -
A79: 15 | B79: INST. PETROLÍFERAS | C79: 15 | D79: Inst. de sup. y ent. (depósitos) | E79: OCA Enterrados Lleno | F79: - | G79: - | H79: - | I79: - | J79: - | K79: - | L79: - | M79: - | N79: - | O79: - | P79: FAV. | Q79: - | R79: - | S79: - | T79: - | U79: - | V79: - | W79: - | X79: - | Y79: - | Z79: - | AA79: - | AB79: - | AC79: - | AD79: -
E80: OCA Enterrados Vacios | F80: - | G80: - | H80: - | I80: - | J80: - | K80: - | L80: - | M80: - | N80: - | O80: - | P80: FAV. | Q80: - | R80: - | S80: - | T80: - | U80: - | V80: - | W80: - | X80: - | Y80: - | Z80: - | AA80: - | AB80: - | AC80: - | AD80: -
E81: OCA Superficie Proy. | F81: - | G81: - | H81: - | I81: - | J81: - | K81: - | L81: - | M81: - | N81: - | O81: - | P81: FAV. | Q81: - | R81: - | S81: - | T81: - | U81: - | V81: - | W81: - | X81: - | Y81: - | Z81: - | AA81: - | AB81: - | AC81: - | AD81: -
E82: OCA Superficie Sin Proy. | F82: - | G82: - | H82: - | I82: - | J82: - | K82: - | L82: - | M82: - | N82: - | O82: - | P82: FAV. | Q82: - | R82: - | S82: - | T82: - | U82: - | V82: - | W82: - | X82: - | Y82: - | Z82: - | AA82: - | AB82: - | AC82: - | AD82: -
E83: OCA Estanq. Tuberias | F83: - | G83: - | H83: - | I83: - | J83: - | K83: - | L83: - | M83: - | N83: - | O83: - | P83: - | Q83: - | R83: - | S83: - | T83: - | U83: - | V83: - | W83: - | X83: - | Y83: - | Z83: - | AA83: - | AB83: - | AC83: - | AD83: -
E84: OCA Conjunto | F84: - | G84: - | H84: - | I84: - | J84: - | K84: - | L84: - | M84: - | N84: - | O84: - | P84: - | Q84: - | R84: - | S84: - | T84: - | U84: - | V84: - | W84: - | X84: - | Y84: - | Z84: - | AA84: - | AB84: - | AC84: - | AD84: -
A85: 16 | B85: Carg. eléctricos | C85: 16.1 | E85: Revision | F85: - | G85: PTE. | H85: - | I85: - | J85: - | K85: - | L85: - | M85: - | N85: - | O85: - | P85: - | Q85: - | R85: - | S85: - | T85: - | U85: - | V85: - | W85: - | X85: - | Y85: - | Z85: - | AA85: - | AB85: - | AC85: - | AD85: -
C86: 16.2 | E86: Informe termografico | F86: - | G86: PTE. | H86: - | I86: - | J86: - | K86: - | L86: - | M86: - | N86: - | O86: - | P86: - | Q86: - | R86: - | S86: - | T86: - | U86: - | V86: - | W86: - | X86: - | Y86: - | Z86: - | AA86: - | AB86: - | AC86: - | AD86: -
C87: 16.3 | E87: OCA | F87: - | G87: PTE. | H87: - | I87: - | J87: - | K87: - | L87: - | M87: - | N87: - | O87: - | P87: - | Q87: - | R87: - | S87: - | T87: - | U87: - | V87: - | W87: - | X87: - | Y87: - | Z87: - | AA87: - | AB87: - | AC87: - | AD87: FAV.
A88: 17 | B88: Megafonia | C88: 17 | E88: Revision | F88: FAV. | G88: PTE. | H88: - | I88: PTE. | J88: FAV. | K88: - | L88: - | M88: - | N88: PTE. | O88: - | P88: FAV. | Q88: FAV. | R88: PTE. | S88: - | T88: PTE. | U88: FAV. | V88: - | W88: FAV. | X88: - | Y88: FAV. | Z88: PTE. | AA88: FAV. | AB88: PTE. | AC88: PTE. | AD88: FAV.
A89: 18 | B89: Z. infantiles | C89: 18 | E89: Revision | F89: - | G89: - | H89: - | I89: - | J89: - | K89: - | L89: - | M89: - | N89: - | O89: - | P89: - | Q89: - | R89: - | S89: - | T89: - | U89: - | V89: - | W89: FAV. | X89: - | Y89: - | Z89: - | AA89: FAV. | AB89: - | AC89: - | AD89: -
A90: 19 | B90: Inst. Fotovoltaica | C90: 19 | E90: Revision | F90: - | G90: - | H90: - | I90: - | J90: - | K90: - | L90: - | M90: - | N90: - | O90: - | P90: - | Q90: - | R90: - | S90: - | T90: - | U90: - | V90: - | W90: - | X90: - | Y90: - | Z90: - | AA90: - | AB90: - | AC90: - | AD90: FAV.
A91: 20 | B91: CCTV | C91: 20 | E91: Revision | F91: FAV. | G91: PTE. | H91: FAV. | I91: PTE. | J91: DESFAV. | K91: - | L91: - | M91: - | N91: PTE. | O91: - | P91: - | Q91: FAV. | R91: PTE. | S91: DESFAV. | T91: FAV. | U91: FAV. | V91: - | W91: PTE. | X91: - | Y91: FAV. | Z91: PTE. | AA91: FAV. | AB91: PTE. | AC91: PTE. | AD91: FAV.
A92: 21 | B92: DDD | C92: 21 | E92: Revision | F92: FAV. | G92: PTE. | H92: FAV. | I92: PTE. | J92: FAV. | K92: PTE. | L92: PTE. | M92: FAV. | N92: PTE. | O92: PTE. | P92: FAV. | Q92: FAV. | R92: FAV. | S92: FAV. | T92: FAV. | U92: - | V92: FAV. | W92: FAV. | X92: FAV. | Y92: PTE. | Z92: FAV. | AA92: FAV. | AB92: FAV. | AC92: FAV. | AD92: FAV.
A93: 30 | B93: Cert. Eficiencia Energ. | C93: 30 | E93: Renovacion | F93: FAV. | G93: PTE. | H93: PTE. | I93: PTE. | J93: FAV. | K93: FAV. | L93: PTE. | M93: FAV. | N93: PTE. | O93: PTE. | P93: FAV. | Q93: - | R93: FAV. | S93: FAV. | T93: FAV. | U93: FAV. | V93: FAV. | W93: PTE. | X93: FAV. | Y93: FAV. | Z93: - | AA93: FAV. | AB93: FAV. | AC93: PTE. | AD93: FAV.
A94: 40 | B94: Simulacro | C94: 40 | E94: Actuacion | F94: FAV. | G94: PTE. | H94: FAV. | I94: PTE. | J94: FAV. | K94: PTE. | L94: PTE. | M94: PTE. | N94: PTE. | O94: PTE. | P94: FAV. | Q94: FAV. | R94: FAV. | S94: PTE. | T94: FAV. | U94: FAV. | V94: PTE. | W94: FAV. | X94: PTE. | Y94: FAV. | Z94: FAV. | AA94: FAV. | AB94: FAV. | AC94: PTE. | AD94: FAV.
A95: 50 | B95: Eval. de RIESGOS | C95: 50 | E95: Renovacion | F95: FAV. | G95: PTE. | H95: DESFAV. | I95: PTE. | J95: COND. | K95: FAV. | L95: PTE. | M95: FAV. | N95: PTE. | O95: FAV. | P95: FAV. | Q95: FAV. | R95: FAV. | S95: PTE. | T95: PTE. | U95: PTE. | V95: PTE. | W95: FAV. | X95: FAV. | Y95: FAV. | Z95: PTE. | AA95: FAV. | AB95: FAV. | AC95: PTE. | AD95: FAV.
A96: 60 | B96: CAE | C96: 60 | E96: Revision | F96: FAV. | G96: PTE. | H96: FAV. | I96: PTE. | J96: FAV. | K96: FAV. | L96: PTE. | M96: FAV. | N96: PTE. | O96: PTE. | P96: FAV. | Q96: FAV. | R96: FAV. | S96: FAV. | T96: FAV. | U96: FAV. | V96: FAV. | W96: FAV. | X96: FAV. | Y96: FAV. | Z96: FAV. | AA96: FAV. | AB96: FAV. | AC96: PTE. | AD96: FAV.
A97: 100 | B97: PAU | C97: 100 | E97: Renovacion | F97: FAV. | G97: PTE. | H97: FAV. | I97: PTE. | J97: FAV. | K97: PTE. | L97: FAV. | M97: PTE. | N97: PTE. | O97: PTE. | P97: FAV. | Q97: FAV. | R97: FAV. | S97: PTE. | T97: FAV. | U97: FAV. | V97: COND. | W97: FAV. | X97: PTE. | Y97: PTE. | Z97: FAV. | AA97: FAV. | AB97: FAV. | AC97: FAV. | AD97: FAV.

Sheet S2-2026
A3: EVALUACION TECNICO LEGAL DEL CENTRO
F9: ABC SERRANO | G9: ARAGONIA | H9: BAHIA REAL | I9: CALAHORRA | J9: CAMINO REAL | K9: LA DEHESA | L9: ED. MUNDO | M9: IRUÑA | N9: IZENEA | O9: LUZ DE CASTILLA | P9: LA NORIA | Q9: LA VEGA | R9: M. DE CAMPANAR | S9: M. FACTORY | T9: MEIXUEIRO | U9: OASIZ | V9: P. EBOLI | W9: P. NUEVA | X9: TRES AGUAS | Y9: TOSA | Z9: TUDELA | AA9: WAY
F10: ABC | G10: ARG | H10: BRE | I10: CAL | J10: CRE | K10: DEH | L10: EMU | M10: IRU | N10: IZE | O10: LDC | P10: LNO | Q10: LVE | R10: MDC | S10: MFA | T10: MEI | U10: OAS | V10: PLE | W10: PLN | X10: TAG | Y10: TOS | Z10: TUD | AA10: WAY
F11: 93 | G11: 59 | H11: 86 | I11: 36 | J11: 83 | K11: 85 | L11: 44 | M11: 36 | N11: 59 | O11: 79 | P11: 86 | Q11: 85 | R11: 64 | S11: 80 | T11: 75 | U11: 73 | V11: 89 | W11: 66 | X11: 79 | Y11: 90 | Z11: 44 | AA11: 84
D12: Evolucion sobre S1 | F12: =F11/'S1-2026'!F11 -> 1.0689655 | G12: =G11/'S1-2026'!G11 -> 1.3111111 | H12: =H11/'S1-2026'!H11 -> 1.0238095 | I12: =I11/'S1-2026'!I11 -> 0.97297297 | J12: =J11/'S1-2026'!J11 -> 0.95402299 | K12: =K11/'S1-2026'!K11 -> 1.3492063 | L12: =L11/'S1-2026'!L11 -> 0.78571429 | M12: =M11/'S1-2026'!N11 -> 1 | N12: =N11/'S1-2026'!O11 -> 1.0535714 | O12: =O11/'S1-2026'!P11 -> 1.1617647 | P12: =P11/'S1-2026'!Q11 -> 1.0617284 | Q12: =Q11/'S1-2026'!R11 -> 1.1643836 | R12: =R11/'S1-2026'!S11 -> 1.1428571 | S12: =S11/'S1-2026'!T11 -> 0.98765432 | T12: =T11/'S1-2026'!V11 -> 1.0416667 | U12: =U11/'S1-2026'!W11 -> 1.2372881 | V12: =V11/'S1-2026'!Y11 -> 1.2898551 | W12: =W11/'S1-2026'!Z11 -> 1.047619 | X12: =X11/'S1-2026'!AA11 -> 0.89772727 | Y12: =Y11/'S1-2026'!AB11 -> 1.5517241 | Z12: =Z11/'S1-2026'!AC11 -> 0.89795918 | AA12: =AA11/'S1-2026'!AD11 -> 0.98823529
P13: =IF(J13=TRUE,IF(L13=TRUE,IF(M13=TRUE,"FAV.",IF(AND(M13=FALSE,O13=TRUE),"COND.","DESFAV.")),"PTE."),"-") -> -
A14: INSTALACIÓN
A15: 1 | B15: APARATOS ELEVADORES | C15: 1.1 | D15: Ascens. y Montac. | E15: OCA | F15: FAV. | G15: FAV. | H15: FAV. | I15: PTE. | J15: FAV. | K15: FAV. | L15: PTE. | M15: FAV. | N15: - | O15: FAV. | P15: FAV. | Q15: - | R15: FAV. | S15: FAV. | T15: FAV. | U15: FAV. | V15: FAV. | W15: FAV. | X15: FAV. | Y15: FAV. | Z15: - | AA15: FAV.
E16: OCA | F16: FAV. | G16: FAV. | H16: - | I16: - | J16: FAV. | K16: FAV. | L16: - | M16: FAV. | N16: - | O16: FAV. | P16: FAV. | Q16: - | R16: FAV. | S16: - | T16: FAV. | U16: FAV. | V16: FAV. | W16: FAV. | X16: FAV. | Y16: - | Z16: - | AA16: FAV.
E17: OCA | F17: FAV. | G17: FAV. | H17: - | I17: PTE. | J17: FAV. | K17: - | L17: - | M17: - | N17: - | O17: - | P17: - | Q17: DESFAV. | R17: FAV. | S17: - | T17: FAV. | U17: FAV. | V17: FAV. | W17: - | X17: FAV. | Y17: - | Z17: - | AA17: FAV.
E18: OCA | F18: FAV. | G18: FAV. | H18: - | I18: FAV. | J18: - | K18: - | L18: - | M18: - | N18: - | O18: - | P18: - | Q18: DESFAV. | R18: FAV. | S18: - | T18: - | U18: FAV. | V18: FAV. | W18: - | X18: FAV. | Y18: - | Z18: - | AA18: FAV.
E19: OCA | F19: FAV. | G19: FAV. | H19: - | I19: DESFAV. | J19: - | K19: - | L19: - | M19: - | N19: - | O19: - | P19: - | Q19: FAV. | R19: FAV. | S19: - | T19: - | U19: FAV. | V19: - | W19: - | X19: FAV. | Y19: - | Z19: - | AA19: -
E20: OCA | F20: FAV. | G20: FAV. | H20: - | I20: PTE. | J20: - | K20: - | L20: - | M20: - | N20: - | O20: - | P20: - | Q20: FAV. | R20: FAV. | S20: - | T20: - | U20: - | V20: - | W20: - | X20: FAV. | Y20: - | Z20: - | AA20: -
E21: OCA | F21: FAV. | G21: FAV. | H21: - | I21: FAV. | J21: - | K21: - | L21: - | M21: - | N21: - | O21: - | P21: - | Q21: FAV. | R21: FAV. | S21: - | T21: - | U21: - | V21: - | W21: - | X21: FAV. | Y21: - | Z21: - | AA21: -
E22: OCA | F22: FAV. | G22: FAV. | H22: - | I22: PTE. | J22: - | K22: - | L22: - | M22: - | N22: - | O22: - | P22: - | Q22: FAV. | R22: - | S22: - | T22: - | U22: - | V22: - | W22: - | X22: - | Y22: - | Z22: - | AA22: -
E23: OCA | F23: FAV. | G23: FAV. | H23: - | I23: PTE. | J23: - | K23: - | L23: - | M23: - | N23: - | O23: - | P23: - | Q23: - | R23: - | S23: - | T23: - | U23: - | V23: - | W23: - | X23: - | Y23: - | Z23: - | AA23: -
E24: OCA | F24: - | G24: FAV. | H24: - | I24: PTE. | J24: - | K24: - | L24: - | M24: - | O24: - | P24: - | Q24: - | R24: - | S24: - | T24: - | U24: - | V24: - | W24: - | X24: - | Y24: - | Z24: - | AA24: -
E25: OCA | F25: - | G25: FAV. | H25: - | I25: PTE. | J25: - | K25: - | L25: - | M25: - | O25: - | P25: - | Q25: - | R25: - | S25: - | T25: - | U25: - | V25: - | W25: - | X25: - | Y25: - | Z25: - | AA25: -
E26: OCA | F26: - | G26: PTE. | H26: - | I26: PTE. | J26: - | K26: - | L26: - | M26: - | O26: - | P26: - | Q26: - | R26: - | S26: - | T26: - | U26: - | V26: - | W26: - | X26: - | Y26: - | Z26: - | AA26: -
E27: OCA | F27: - | G27: PTE. | H27: - | I27: FAV. | J27: - | K27: - | L27: - | M27: - | O27: - | P27: - | Q27: - | R27: - | S27: - | T27: - | U27: - | V27: - | W27: - | X27: - | Y27: - | Z27: - | AA27: -
E28: Revision | F28: FAV. | G28: PTE. | H28: FAV. | I28: - | J28: FAV. | K28: FAV. | L28: PTE. | M28: FAV. | N28: FAV. | O28: FAV. | P28: FAV. | Q28: FAV. | R28: PTE. | S28: FAV. | T28: FAV. | U28: FAV. | V28: FAV. | W28: FAV. | X28: - | Y28: PTE. | Z28: - | AA28: FAV.
C29: 1.2 | D29: Escaleras mec. / Travelators | E29: Revision | F29: FAV. | G29: PTE. | H29: - | I29: - | J29: - | K29: - | L29: - | M29: - | N29: - | O29: FAV. | P29: - | Q29: FAV. | R29: - | S29: FAV. | T29: - | U29: FAV. | V29: FAV. | W29: FAV. | X29: - | Y29: PTE. | Z29: - | AA29: FAV.
C30: 1.3 | D30: Góndolas | E30: Revision | F30: FAV. | G30: - | H30: - | I30: - | J30: - | K30: - | L30: - | M30: - | N30: - | O30: - | P30: - | Q30: - | R30: - | S30: - | T30: - | U30: - | V30: - | W30: - | X30: - | Y30: - | Z30: - | AA30: -
A31: 2 | B31: ELECTRICIDAD | C31: 2.1 | D31: Alta Tensión | E31: Revision | F31: FAV. | G31: PTE. | H31: - | I31: PTE. | J31: - | K31: - | L31: PTE. | M31: - | N31: - | O31: PTE. | P31: FAV. | Q31: COND. | R31: PTE. | S31: FAV. | T31: - | U31: FAV. | V31: FAV. | W31: PTE. | X31: FAV. | Y31: FAV. | Z31: PTE. | AA31: FAV.
E32: OCA | F32: FAV. | G32: FAV. | H32: - | I32: PTE. | J32: - | K32: - | L32: PTE. | M32: - | N32: - | O32: FAV. | P32: FAV. | Q32: FAV. | R32: PTE. | S32: FAV. | T32: - | U32: FAV. | V32: FAV. | W32: FAV. | X32: FAV. | Y32: FAV. | Z32: FAV. | AA32: FAV.
C33: 2.2 | D33: Baja Tensión | E33: Revision | F33: FAV. | G33: PTE. | H33: FAV. | I33: - | J33: FAV. | K33: FAV. | L33: PTE. | M33: FAV. | N33: FAV. | O33: PTE. | P33: FAV. | Q33: COND. | R33: PTE. | S33: FAV. | T33: COND. | U33: FAV. | V33: FAV. | W33: PTE. | X33: COND. | Y33: FAV. | Z33: FAV. | AA33: FAV.
E34: Informe termografico | F34: FAV. | G34: PTE. | H34: - | I34: - | J34: FAV. | K34: FAV. | L34: PTE. | M34: PTE. | N34: - | O34: PTE. | P34: FAV. | Q34: COND. | R34: PTE. | S34: FAV. | T34: PTE. | U34: FAV. | V34: FAV. | W34: PTE. | X34: PTE. | Y34: FAV. | Z34: PTE. | AA34: PTE.
E35: OCA | F35: FAV. | G35: FAV. | H35: FAV. | I35: PTE. | J35: FAV. | K35: FAV. | L35: FAV. | M35: - | N35: - | O35: FAV. | P35: FAV. | Q35: FAV. | R35: PTE. | S35: FAV. | T35: FAV. | U35: FAV. | V35: FAV. | W35: FAV. | X35: FAV. | Y35: FAV. | Z35: FAV. | AA35: FAV.
C36: 2.3 | D36: Bateria Condesnsadores | E36: Revision | F36: FAV. | G36: PTE. | H36: - | I36: PTE. | J36: FAV. | K36: - | L36: PTE. | M36: - | N36: - | O36: PTE. | P36: FAV. | Q36: COND. | R36: PTE. | S36: FAV. | T36: - | U36: DESFAV. | V36: FAV. | W36: PTE. | X36: FAV. | Y36: FAV. | Z36: - | AA36: -
A37: 3 | B37: PARARRAYOS | C37: 3 | D37: Pararrayos | E37: Revision fav. | F37: FAV. | G37: PTE. | H37: FAV. | I37: PTE. | J37: FAV. | K37: FAV. | L37: PTE. | M37: FAV. | N37: FAV. | O37: FAV. | P37: FAV. | Q37: FAV. | R37: PTE. | S37: - | T37: COND. | U37: FAV. | V37: FAV. | W37: FAV. | X37: FAV. | Y37: FAV. | Z37: PTE. | AA37: FAV.
A38: 4 | B38: PCI | C38: 4.1 | D38: Ext., Det. y alar. Hid. | E38: Revision | F38: FAV. | G38: PTE. | H38: FAV. | I38: - | J38: FAV. | K38: FAV. | L38: PTE. | M38: FAV. | N38: FAV. | O38: PTE. | P38: FAV. | Q38: FAV. | R38: DESFAV. | S38: PTE. | T38: FAV. | U38: FAV. | V38: DESFAV. | W38: PTE. | X38: DESFAV. | Y38: FAV. | Z38: PTE. | AA38: FAV.
E39: Revision | F39: FAV. | G39: FAV. | H39: FAV. | I39: - | J39: FAV. | K39: FAV. | L39: PTE. | M39: FAV. | N39: FAV. | O39: FAV. | P39: FAV. | Q39: FAV. | R39: DESFAV. | S39: DESFAV. | T39: FAV. | U39: PTE. | V39: DESFAV. | W39: PTE. | X39: DESFAV. | Y39: FAV. | Z39: PTE. | AA39: FAV.
E40: Acta Emp. Mant. | F40: - | G40: PTE. | H40: - | I40: - | J40: - | K40: - | L40: - | M40: - | N40: - | O40: - | P40: - | Q40: - | R40: - | S40: - | T40: - | U40: - | V40: - | W40: - | X40: - | Y40: - | Z40: - | AA40: -
C41: 4.2 | D41: Inspección en est.ind. | E41: OCA | F41: FAV. | G41: FAV. | H41: - | I41: PTE. | J41: FAV. | K41: FAV. | L41: - | M41: - | N41: FAV. | O41: COND. | P41: FAV. | Q41: FAV. | R41: COND. | S41: FAV. | T41: FAV. | U41: FAV. | V41: FAV. | W41: FAV. | X41: FAV. | Y41: FAV. | Z41: FAV. | AA41: FAV.
E42: OCA | F42: - | G42: - | H42: - | I42: PTE. | J42: - | K42: - | L42: - | M42: - | N42: - | O42: - | P42: - | Q42: - | R42: - | S42: - | T42: - | U42: - | V42: - | W42: - | X42: - | Y42: - | Z42: - | AA42: -
E43: OCA | F43: - | G43: - | H43: - | I43: PTE. | J43: - | K43: - | L43: - | M43: - | N43: - | O43: - | P43: - | Q43: - | R43: - | S43: - | T43: - | U43: - | V43: - | W43: - | X43: - | Y43: - | Z43: - | AA43: -
E44: OCA | F44: - | G44: - | H44: - | I44: DESFAV. | J44: - | K44: - | L44: - | M44: - | N44: - | O44: - | P44: - | Q44: - | R44: - | S44: - | T44: - | U44: - | V44: - | W44: - | X44: - | Y44: - | Z44: - | AA44: -
C45: 4.3 | D45: Extintores | E45: Retimbrado | F45: FAV. | G45: PTE. | H45: FAV. | I45: PTE. | J45: FAV. | K45: FAV. | L45: PTE. | M45: FAV. | N45: FAV. | O45: FAV. | P45: FAV. | Q45: FAV. | R45: FAV. | S45: DESFAV. | T45: FAV. | U45: - | V45: DESFAV. | W45: FAV. | X45: FAV. | Y45: FAV. | Z45: PTE. | AA45: FAV.
C46: 4.4 | D46: Ilum. Emergencia y carteleria | E46: Revision | F46: COND. | G46: PTE. | H46: FAV. | I46: PTE. | J46: FAV. | K46: FAV. | L46: PTE. | M46: FAV. | N46: FAV. | O46: - | P46: FAV. | Q46: FAV. | R46: FAV. | S46: PTE. | T46: COND. | U46: PTE. | V46: - | W46: FAV. | X46: FAV. | Y46: FAV. | Z46: PTE. | AA46: FAV.
C47: 4.5 | D47: Eq. Resp. Aut. (ERA) | E47: Revision equipo | F47: - | G47: - | H47: - | I47: PTE. | J47: - | K47: - | L47: - | M47: - | N47: - | O47: - | P47: - | Q47: - | R47: - | S47: - | T47: - | U47: - | V47: - | W47: PTE. | X47: - | Y47: - | Z47: - | AA47: PTE.
E48: Revision Botella | F48: - | G48: - | H48: - | I48: PTE. | J48: - | K48: - | L48: - | M48: - | N48: - | O48: - | P48: - | Q48: - | R48: - | S48: - | T48: - | U48: - | V48: - | W48: PTE. | X48: - | Y48: - | Z48: - | AA48: PTE.
A49: 5 | B49: LEGIONELLA Y POTABILIDAD | C49: 5.1 | D49: Inst. AFCH y ACS | E49: Revision | F49: - | G49: - | H49: FAV. | I49: PTE. | J49: FAV. | K49: - | L49: FAV. | M49: - | N49: - | O49: FAV. | P49: FAV. | Q49: FAV. | R49: FAV. | S49: FAV. | T49: - | U49: PTE. | V49: FAV. | W49: FAV. | X49: FAV. | Y49: FAV. | Z49: PTE. | AA49: FAV.
E50: Cert. L+D | F50: - | G50: - | H50: FAV. | I50: PTE. | J50: FAV. | K50: - | L50: FAV. | M50: - | N50: - | O50: FAV. | P50: FAV. | Q50: FAV. | R50: FAV. | S50: FAV. | T50: - | U50: PTE. | V50: FAV. | W50: FAV. | X50: FAV. | Y50: FAV. | Z50: PTE. | AA50: FAV.
E51: Analiticas | F51: - | G51: - | H51: FAV. | I51: - | J51: FAV. | K51: - | L51: FAV. | M51: - | N51: - | O51: PTE. | P51: PTE. | Q51: FAV. | R51: FAV. | S51: FAV. | T51: - | U51: PTE. | V51: FAV. | W51: PTE. | X51: FAV. | Y51: FAV. | Z51: PTE. | AA51: FAV.
C52: 5.2 | D52: Fte ornamental | E52: Revision | F52: - | G52: - | H52: - | I52: PTE. | J52: - | K52: - | L52: - | M52: - | N52: - | O52: - | P52: FAV. | Q52: - | R52: - | S52: - | T52: - | U52: PTE. | V52: - | W52: - | X52: FAV. | Y52: FAV. | Z52: PTE. | AA52: -
E53: Cert. L+D | F53: - | G53: - | H53: - | I53: - | J53: - | K53: - | L53: - | M53: - | N53: - | O53: - | P53: FAV. | Q53: - | R53: - | S53: - | T53: - | U53: PTE. | V53: - | W53: - | X53: FAV. | Y53: FAV. | Z53: PTE. | AA53: -
E54: Analiticas | F54: - | G54: - | H54: - | I54: - | J54: - | K54: - | L54: - | M54: - | N54: - | O54: - | P54: PTE. | Q54: - | R54: - | S54: - | T54: - | U54: PTE. | V54: - | W54: - | X54: FAV. | Y54: FAV. | Z54: PTE. | AA54: -
C55: 5.2 | D55: Inst. PCI | E55: Revision | F55: FAV. | G55: FAV. | H55: FAV. | I55: COND. | J55: FAV. | K55: FAV. | L55: PTE. | M55: PTE. | N55: PTE. | O55: FAV. | P55: FAV. | Q55: FAV. | R55: FAV. | S55: FAV. | T55: FAV. | U55: - | V55: FAV. | W55: PTE. | X55: FAV. | Y55: FAV. | Z55: PTE. | AA55: FAV.
E56: Cert. L+D | F56: FAV. | G56: FAV. | H56: FAV. | I56: - | J56: FAV. | K56: FAV. | L56: PTE. | M56: PTE. | N56: PTE. | O56: FAV. | P56: FAV. | Q56: FAV. | R56: FAV. | S56: FAV. | T56: FAV. | U56: - | V56: FAV. | W56: PTE. | X56: FAV. | Y56: FAV. | Z56: PTE. | AA56: FAV.
E57: Analiticas | F57: FAV. | G57: FAV. | H57: FAV. | I57: PTE. | J57: FAV. | K57: FAV. | L57: PTE. | M57: PTE. | N57: PTE. | O57: FAV. | P57: PTE. | Q57: FAV. | R57: FAV. | S57: FAV. | T57: FAV. | U57: - | V57: FAV. | W57: PTE. | X57: PTE. | Y57: FAV. | Z57: PTE. | AA57: PTE.
C58: 5.3 | D58: P. terminales (Pot.) | E58: Analiticas | F58: FAV. | G58: PTE. | H58: - | I58: - | J58: - | K58: - | L58: FAV. | M58: - | N58: - | O58: FAV. | P58: PTE. | Q58: FAV. | R58: FAV. | S58: FAV. | T58: - | U58: - | V58: FAV. | W58: - | X58: FAV. | Y58: FAV. | Z58: PTE. | AA58: FAV.
C59: 5.4 | D59: Torres de refrig. y cond. Evap. | E59: Cert. L+D | F59: FAV. | G59: - | H59: - | I59: - | J59: - | K59: - | L59: FAV. | M59: - | N59: - | O59: FAV. | P59: - | Q59: FAV. | R59: - | S59: FAV. | T59: - | U59: FAV. | V59: FAV. | W59: - | X59: FAV. | Y59: - | Z59: - | AA59: FAV.
E60: Analiticas Legionela | F60: FAV. | G60: - | H60: - | I60: PTE. | J60: - | K60: - | L60: - | M60: - | N60: - | O60: FAV. | P60: - | Q60: FAV. | R60: - | S60: FAV. | T60: - | U60: FAV. | V60: FAV. | W60: - | X60: PTE. | Y60: - | Z60: - | AA60: FAV.
E61: Analiticas FQ | F61: FAV. | G61: - | H61: - | I61: PTE. | J61: - | K61: - | L61: - | M61: - | N61: - | O61: FAV. | P61: - | Q61: COND. | R61: - | S61: FAV. | T61: - | U61: FAV. | V61: FAV. | W61: - | X61: PTE. | Y61: - | Z61: - | AA61: FAV.
E62: Analiticas Aerobios | F62: FAV. | G62: - | H62: - | I62: PTE. | J62: - | K62: - | L62: - | M62: - | N62: - | O62: FAV. | P62: - | Q62: COND. | R62: - | S62: FAV. | T62: - | U62: FAV. | V62: FAV. | W62: - | X62: PTE. | Y62: - | Z62: - | AA62: PTE.
E63: Revision | F63: FAV. | G63: - | H63: - | I63: - | J63: - | K63: - | L63: - | M63: - | N63: - | O63: - | P63: - | Q63: - | R63: - | S63: - | T63: - | U63: - | V63: FAV. | W63: - | X63: - | Y63: - | Z63: - | AA63: -
A64: 6 | B64: FONTANERÍA | C64: 6 | D64: Inst. fontanería y G. Presión | E64: Revision | F64: FAV. | G64: PTE. | H64: - | I64: PTE. | J64: - | K64: FAV. | L64: - | M64: PTE. | N64: - | O64: FAV. | P64: FAV. | Q64: FAV. | R64: DESFAV. | S64: FAV. | T64: - | U64: - | V64: FAV. | W64: FAV. | X64: FAV. | Y64: FAV. | Z64: PTE. | AA64: FAV.
A65: 7 | B65: CLIMATIZACION | C65: 7.1 | D65: Calefacción y agua caliente | E65: Revision | F65: FAV. | G65: PTE. | H65: - | I65: PTE. | J65: - | K65: - | L65: - | M65: - | N65: - | O65: FAV. | P65: - | Q65: - | R65: - | S65: - | T65: - | U65: FAV. | V65: FAV. | W65: - | X65: FAV. | Y65: - | Z65: PTE. | AA65: -
C66: 7.2 | D66: Sistemas A.A. | E66: Revision | F66: FAV. | G66: PTE. | H66: - | I66: - | J66: - | K66: - | L66: - | M66: - | N66: - | O66: FAV. | P66: - | Q66: - | R66: - | S66: PTE. | T66: - | U66: PTE. | V66: FAV. | W66: PTE. | X66: PTE. | Y66: FAV. | Z66: PTE. | AA66: FAV.
C67: 7.3 | D67: Inst. Energ. A.A. | E67: OCA (P util>12 kW) | F67: FAV. | G67: PTE. | H67: - | I67: - | J67: - | K67: - | L67: - | M67: - | N67: - | O67: FAV. | P67: - | Q67: FAV. | R67: - | S67: PTE. | T67: - | U67: PTE. | V67: FAV. | W67: - | X67: FAV. | Y67: FAV. | Z67: - | AA67: FAV.
C68: 7.4 | D68: Inst. Energ. Calef. y ACS | E68: OCA (20≤P util≤70 kW) | F68: FAV. | G68: FAV. | H68: - | I68: - | J68: - | K68: - | L68: - | M68: - | N68: - | O68: - | P68: - | Q68: - | R68: - | S68: - | T68: - | U68: - | V68: - | W68: - | X68: - | Y68: - | Z68: FAV. | AA68: -
E69: OCA (P util>70 kW) gases | F69: - | G69: FAV. | H69: - | I69: - | J69: - | K69: - | L69: - | M69: - | N69: - | O69: FAV. | P69: - | Q69: FAV. | R69: - | S69: - | T69: - | U69: PTE. | V69: FAV. | W69: - | X69: PTE. | Y69: - | Z69: - | AA69: -
E70: OCA (P util>70 kW) otras | F70: - | G70: PTE. | H70: - | I70: - | J70: - | K70: - | L70: - | M70: - | N70: - | O70: - | P70: - | Q70: - | R70: - | S70: - | T70: - | U70: - | V70: - | W70: - | X70: - | Y70: - | Z70: - | AA70: -
C71: 7.5 | D71: CAI Climatizadores y conductos | E71: Revision | F71: PTE. | G71: PTE. | H71: - | I71: - | J71: - | K71: - | L71: - | M71: - | N71: - | O71: PTE. | P71: - | Q71: FAV. | R71: - | S71: FAV. | T71: - | U71: - | V71: FAV. | W71: - | X71: PTE. | Y71: COND. | Z71: - | AA71: -
C72: 7.6 | D72: Inst. Termica Completa | E72: OCA (P>70 kW) | F72: FAV. | G72: PTE. | H72: - | I72: - | J72: - | K72: - | L72: - | M72: - | N72: - | O72: FAV. | P72: - | Q72: - | R72: - | S72: PTE. | T72: - | U72: PTE. | V72: FAV. | W72: - | X72: - | Y72: FAV. | Z72: - | AA72: -
A73: 8 | B73: GAS | C73: 8 | D73: Inst. receptora de gas | E73: Cert. FAV. de rev. | F73: FAV. | G73: PTE. | H73: - | I73: - | J73: - | K73: - | L73: - | M73: - | N73: - | O73: - | P73: - | Q73: - | R73: - | S73: - | T73: - | U73: FAV. | V73: FAV. | W73: - | X73: FAV. | Y73: - | Z73: - | AA73: FAV.
A74: 9 | B74: G. ELECTROGENO | C74: 9 | D74: Grupo Electrógeno | E74: Revision | F74: FAV. | G74: FAV. | H74: FAV. | I74: - | J74: FAV. | K74: - | L74: - | M74: - | N74: - | O74: FAV. | P74: FAV. | Q74: FAV. | R74: PTE. | S74: FAV. | T74: - | U74: PTE. | V74: FAV. | W74: FAV. | X74: FAV. | Y74: FAV. | Z74: PTE. | AA74: FAV.
A75: 10 | B75: SAIs | C75: 10 | D75: SAIs | E75: Revision | F75: FAV. | G75: PTE. | H75: - | I75: PTE. | J75: - | K75: - | L75: - | M75: - | N75: - | O75: - | P75: FAV. | Q75: - | R75: - | S75: - | T75: - | U75: DESFAV. | V75: FAV. | W75: FAV. | X75: PTE. | Y75: FAV. | Z75: - | AA75: FAV.
A76: 11 | B76: L. VIDA Y ANCLAJES | C76: 11 | D76: Anclajes y líneas de vida | E76: Parte de trabajo | F76: FAV. | G76: PTE. | H76: FAV. | I76: - | J76: FAV. | K76: - | L76: - | M76: PTE. | N76: FAV. | O76: FAV. | P76: FAV. | Q76: - | R76: - | S76: FAV. | T76: - | U76: FAV. | V76: FAV. | W76: FAV. | X76: FAV. | Y76: - | Z76: FAV. | AA76: FAV.
A77: 12 | B77: BMS | C77: 12 | D77: Instalación de control | E77: Parte de trabajo | F77: FAV. | G77: PTE. | H77: - | I77: - | J77: PTE. | K77: - | L77: - | M77: - | N77: - | O77: - | P77: - | Q77: - | R77: - | S77: - | T77: - | U77: DESFAV. | V77: FAV. | W77: FAV. | X77: FAV. | Y77: FAV. | Z77: - | AA77: FAV.
A78: 13 | B78: PUERTAS AUT. | C78: 13 | D78: Puertas man. y aut. | E78: Revision | F78: FAV. | G78: PTE. | H78: - | I78: PTE. | J78: - | K78: - | L78: - | M78: PTE. | N78: PTE. | O78: FAV. | P78: FAV. | Q78: FAV. | R78: - | S78: FAV. | T78: - | U78: FAV. | V78: FAV. | W78: FAV. | X78: FAV. | Y78: FAV. | Z78: PTE. | AA78: FAV.
A79: 14 | B79: ITE | C79: 14 | D79: Estruct., fachada, saneamiento | E79: Revision si >30 años | F79: FAV. | G79: PTE. | H79: - | I79: PTE. | J79: - | K79: - | L79: - | M79: - | N79: - | O79: - | P79: - | Q79: - | R79: - | S79: - | T79: - | U79: - | V79: - | W79: - | X79: - | Y79: - | Z79: - | AA79: -
A80: 15 | B80: INST. PETROLÍFERAS | C80: 15 | D80: Inst. de sup. y ent. (depósitos) | E80: OCA Enterrados Lleno | F80: - | G80: - | H80: - | I80: PTE. | J80: - | K80: - | L80: - | M80: - | N80: - | O80: FAV. | P80: - | Q80: - | R80: - | S80: - | T80: - | U80: - | V80: - | W80: - | X80: - | Y80: - | Z80: - | AA80: -
E81: OCA Enterrados Vacios | F81: - | G81: - | H81: - | I81: PTE. | J81: - | K81: - | L81: - | M81: - | N81: - | O81: PTE. | P81: - | Q81: - | R81: - | S81: - | T81: - | U81: - | V81: - | W81: - | X81: - | Y81: - | Z81: - | AA81: -
E82: OCA Superficie Proy. | F82: - | G82: - | H82: - | I82: PTE. | J82: - | K82: - | L82: - | M82: - | N82: - | O82: FAV. | P82: - | Q82: - | R82: - | S82: - | T82: - | U82: - | V82: - | W82: - | X82: - | Y82: - | Z82: - | AA82: -
E83: OCA Superficie Sin Proy. | F83: - | G83: - | H83: - | I83: PTE. | J83: - | K83: - | L83: - | M83: - | N83: - | O83: PTE. | P83: - | Q83: - | R83: - | S83: - | T83: - | U83: - | V83: - | W83: - | X83: - | Y83: - | Z83: - | AA83: -
E84: OCA Estanq. Tuberias | F84: - | G84: - | H84: - | I84: PTE. | J84: - | K84: - | L84: - | M84: - | N84: - | O84: - | P84: - | Q84: - | R84: - | S84: - | T84: - | U84: - | V84: - | W84: - | X84: - | Y84: - | Z84: - | AA84: -
E85: OCA Conjunto | F85: - | G85: - | H85: - | I85: - | J85: - | K85: - | L85: - | M85: - | N85: - | O85: - | P85: - | Q85: - | R85: - | S85: - | T85: - | U85: - | V85: - | W85: - | X85: - | Y85: - | Z85: - | AA85: -
A86: 16 | B86: Carg. eléctricos | C86: 16.1 | E86: Revision | F86: - | G86: - | H86: - | I86: - | J86: - | K86: - | L86: - | M86: - | N86: - | O86: - | P86: - | Q86: - | R86: - | S86: - | T86: - | U86: - | V86: - | W86: - | X86: - | Y86: - | Z86: - | AA86: -
C87: 16.2 | E87: Informe termografico | F87: - | G87: - | H87: - | I87: - | J87: - | K87: - | L87: - | M87: - | N87: - | O87: - | P87: - | Q87: - | R87: - | S87: - | T87: - | U87: - | V87: - | W87: - | X87: - | Y87: - | Z87: - | AA87: -
C88: 16.3 | E88: OCA | F88: - | G88: - | H88: - | I88: - | J88: - | K88: - | L88: - | M88: - | N88: - | O88: - | P88: - | Q88: - | R88: - | S88: - | T88: - | U88: - | V88: - | W88: - | X88: - | Y88: - | Z88: - | AA88: -
A89: 17 | B89: Megafonia | C89: 17 | E89: Revision | F89: COND. | G89: PTE. | H89: - | I89: PTE. | J89: PTE. | K89: - | L89: - | M89: - | N89: - | O89: FAV. | P89: FAV. | Q89: PTE. | R89: - | S89: PTE. | T89: - | U89: FAV. | V89: FAV. | W89: PTE. | X89: PTE. | Y89: FAV. | Z89: PTE. | AA89: FAV.
A90: 18 | B90: Z. infantiles | C90: 18 | E90: Revision | F90: - | G90: - | H90: - | I90: - | J90: - | K90: - | L90: - | M90: - | N90: - | O90: - | P90: - | Q90: FAV. | R90: - | S90: - | T90: - | U90: COND. | V90: - | W90: - | X90: PTE. | Y90: - | Z90: - | AA90: -
A91: 19 | B91: Inst. Fotovoltaica | C91: 19 | E91: Revision | F91: - | G91: - | H91: - | I91: - | J91: - | K91: - | L91: - | M91: - | N91: - | O91: - | P91: - | Q91: - | R91: - | S91: - | T91: - | U91: - | V91: - | W91: - | X91: - | Y91: - | Z91: - | AA91: FAV.
A92: 20 | B92: CCTV | C92: 20 | E92: Revision | F92: FAV. | G92: PTE. | H92: FAV. | I92: PTE. | J92: PTE. | K92: - | L92: - | M92: - | N92: - | O92: - | P92: FAV. | Q92: FAV. | R92: DESFAV. | S92: FAV. | T92: - | U92: FAV. | V92: FAV. | W92: PTE. | X92: FAV. | Y92: FAV. | Z92: PTE. | AA92: FAV.
A93: 21 | B93: DDD | C93: 21 | E93: Revision | F93: FAV. | G93: - | H93: FAV. | I93: PTE. | J93: FAV. | K93: FAV. | L93: PTE. | M93: PTE. | N93: - | O93: FAV. | P93: FAV. | Q93: FAV. | R93: FAV. | S93: PTE. | T93: FAV. | U93: FAV. | V93: FAV. | W93: - | X93: FAV. | Y93: FAV. | Z93: FAV. | AA93: FAV.
A94: 30 | B94: Cert. Eficiencia Energ. | C94: 30 | E94: Renovacion | F94: FAV. | G94: FAV. | H94: FAV. | I94: PTE. | J94: FAV. | K94: FAV. | L94: PTE. | M94: FAV. | N94: - | O94: PTE. | P94: - | Q94: FAV. | R94: FAV. | S94: FAV. | T94: FAV. | U94: FAV. | V94: FAV. | W94: - | X94: FAV. | Y94: FAV. | Z94: PTE. | AA94: FAV.
A95: 40 | B95: Simulacro | C95: 40 | E95: Actuacion | F95: FAV. | G95: PTE. | H95: FAV. | I95: PTE. | J95: FAV. | K95: FAV. | L95: PTE. | M95: PTE. | N95: PTE. | O95: FAV. | P95: FAV. | Q95: COND. | R95: PTE. | S95: FAV. | T95: PTE. | U95: FAV. | V95: FAV. | W95: PTE. | X95: FAV. | Y95: FAV. | Z95: PTE. | AA95: PTE.
A96: 50 | B96: Eval. de RIESGOS | C96: 50 | E96: Renovacion | F96: FAV. | G96: PTE. | H96: FAV. | I96: PTE. | J96: DESFAV. | K96: FAV. | L96: PTE. | M96: FAV. | N96: PTE. | O96: PTE. | P96: FAV. | Q96: FAV. | R96: PTE. | S96: FAV. | T96: PTE. | U96: FAV. | V96: FAV. | W96: FAV. | X96: FAV. | Y96: FAV. | Z96: PTE. | AA96: PTE.
A97: 60 | B97: CAE | C97: 60 | E97: Revision | F97: FAV. | G97: FAV. | H97: PTE. | I97: PTE. | J97: FAV. | K97: FAV. | L97: PTE. | M97: PTE. | N97: PTE. | O97: FAV. | P97: FAV. | Q97: FAV. | R97: FAV. | S97: FAV. | T97: FAV. | U97: FAV. | V97: FAV. | W97: FAV. | X97: FAV. | Y97: FAV. | Z97: PTE. | AA97: PTE.
A98: 100 | B98: PAU | C98: 100 | E98: Renovacion | F98: FAV. | G98: FAV. | H98: FAV. | I98: PTE. | J98: FAV. | K98: PTE. | L98: COND. | M98: PTE. | N98: PTE. | O98: FAV. | P98: FAV. | Q98: FAV. | R98: DESFAV. | S98: FAV. | T98: COND. | U98: FAV. | V98: PTE. | W98: FAV. | X98: FAV. | Y98: FAV. | Z98: FAV. | AA98: FAV.
