Workbook

Sheet FICHA
E1: CLAVE DESBLOQUEO: | F1: SAV
C2: Inserte aquí el logo de su centro | E2: CENTRO | F2: MALAGA OCIO | H2: =VLOOKUP(F2,BD!D2:H40,2,FALSE) -> MNO
E3: Direccion | F3: =VLOOKUP(F2,BD!D2:H40,5,FALSE) -> C. Jaén, 1, 29004 Málaga | J3: Leyenda
E4: Propiedad | F4: =VLOOKUP(F2,BD!D2:H40,3,FALSE) -> CCPP MNO | J4: En fecha | K4: █████████
E5: Gerente | F5: =VLOOKUP(F2,BD!D2:H40,4,FALSE) -> Maria Romero | J5: Cumple en 90 dias | K5: █████████
E6: Fecha | F6: 45805 | J6: Cumple en 60 dias | K6: █████████ | M6: Apto | N6: Cond. | O6: No Apto
E7: Tipo | F7: Revision S1 | H7: 2025 | J7: Cumple en 30 dias | K7: █████████
J8: Vencidas | K8: █████████
A10: Nª | B10: INSTALACIÓN | G10: Periodicidad | H10: ID | I10: Empresa | J10: Ult. Rev. | K10: Prox. Rev. | P10: ESTADO | Q10: NIVEL | S10: Comentario | T10: F. 2ª Rev.. | U10: NORMATIVA APLICADA
A11: 1 | B11: 1 | C11: APARATOS ELEVADORES | D11: 1.1 | E11: Ascens. y Montac. | F11: OCA | G11: 2 | K11: =IF(OR(J11="-",J11="")," ",IF(ISNUMBER(G11),J11+(365*G11),IF(G11="Mensual",J11+30,IF(G11="Trimestral",J11+91,IF(G11="Semestral",J11+182,IF(G11="Diario",J11+1,J11+365)))))) | M11: FALSE | N11: FALSE | O11: FALSE | P11: =IF(AND(OR(K11="",K11=" "),OR(M11=TRUE,N11=TRUE,O11=TRUE)),"ERROR", IF(OR(K11="",K11=" "),"-", IF(AND(TODAY()>K11,K11<>""),"PTE.", IF(AND(TODAY()<K11,O11=TRUE),"DESFAVORABLE", IF(AND(TODAY()<K11,O11=FALSE,OR(AND(M11=FALSE,N11=TRUE),AND(M11=TRUE,N11=TRUE))),"CONDICIONADO", IF(AND(TODAY()<K11,O11=FALSE,M11=TRUE,N11=FALSE),"FAVORABLE", IF(AND(OR(TODAY()<K11,K11=""),O11=FALSE,M11=FALSE,N11=FALSE),"ERROR","-"))))))) -> - | Q11: =REPT("██",IF(P11="Favorable",1,IF(P11="Condicionado",2,IF(P11="PTE.",3,IF(P11="desfavorable",4,"0"))))) | U11: RD 88/2003
A12: 2 | E12: Ascens. y Montac. | F12: OCA | G12: 2 | K12: =IF(OR(J12="-",J12="")," ",IF(ISNUMBER(G12),J12+(365*G12),IF(G12="Mensual",J12+30,IF(G12="Trimestral",J12+91,IF(G12="Semestral",J12+182,IF(G12="Diario",J12+1,J12+365)))))) | M12: FALSE | N12: FALSE | O12: FALSE | P12: =IF(AND(OR(K12="",K12=" "),OR(M12=TRUE,N12=TRUE,O12=TRUE)),"ERROR", IF(OR(K12="",K12=" "),"-", IF(AND(TODAY()>K12,K12<>""),"PTE.", IF(AND(TODAY()<K12,O12=TRUE),"DESFAVORABLE", IF(AND(TODAY()<K12,O12=FALSE,OR(AND(M12=FALSE,N12=TRUE),AND(M12=TRUE,N12=TRUE))),"CONDICIONADO", IF(AND(TODAY()<K12,O12=FALSE,M12=TRUE,N12=FALSE),"FAVORABLE", IF(AND(OR(TODAY()<K12,K12=""),O12=FALSE,M12=FALSE,N12=FALSE),"ERROR","-"))))))) -> - | Q12: =REPT("██",IF(P12="Favorable",1,IF(P12="Condicionado",2,IF(P12="PTE.",3,IF(P12="desfavorable",4,"0"))))) | S12: Sustituir puertas | T12: 41255 | U12: RD 88/2003
A13: 3 | E13: Ascens. y Montac. | F13: OCA | G13: 2 | K13: =IF(OR(J13="-",J13="")," ",IF(ISNUMBER(G13),J13+(365*G13),IF(G13="Mensual",J13+30,IF(G13="Trimestral",J13+91,IF(G13="Semestral",J13+182,IF(G13="Diario",J13+1,J13+365)))))) | M13: FALSE | N13: FALSE | O13: FALSE | P13: =IF(AND(OR(K13="",K13=" "),OR(M13=TRUE,N13=TRUE,O13=TRUE)),"ERROR", IF(OR(K13="",K13=" "),"-", IF(AND(TODAY()>K13,K13<>""),"PTE.", IF(AND(TODAY()<K13,O13=TRUE),"DESFAVORABLE", IF(AND(TODAY()<K13,O13=FALSE,OR(AND(M13=FALSE,N13=TRUE),AND(M13=TRUE,N13=TRUE))),"CONDICIONADO", IF(AND(TODAY()<K13,O13=FALSE,M13=TRUE,N13=FALSE),"FAVORABLE", IF(AND(OR(TODAY()<K13,K13=""),O13=FALSE,M13=FALSE,N13=FALSE),"ERROR","-"))))))) -> - | Q13: =REPT("██",IF(P13="Favorable",1,IF(P13="Condicionado",2,IF(P13="PTE.",3,IF(P13="desfavorable",4,"0"))))) | U13: RD 88/2003
A14: 4 | E14: Ascens. y Montac. | F14: OCA | G14: 2 | K14: =IF(OR(J14="-",J14="")," ",IF(ISNUMBER(G14),J14+(365*G14),IF(G14="Mensual",J14+30,IF(G14="Trimestral",J14+91,IF(G14="Semestral",J14+182,IF(G14="Diario",J14+1,J14+365)))))) | M14: FALSE | N14: FALSE | O14: FALSE | P14: =IF(AND(OR(K14="",K14=" "),OR(M14=TRUE,N14=TRUE,O14=TRUE)),"ERROR", IF(OR(K14="",K14=" "),"-", IF(AND(TODAY()>K14,K14<>""),"PTE.", IF(AND(TODAY()<K14,O14=TRUE),"DESFAVORABLE", IF(AND(TODAY()<K14,O14=FALSE,OR(AND(M14=FALSE,N14=TRUE),AND(M14=TRUE,N14=TRUE))),"CONDICIONADO", IF(AND(TODAY()<K14,O14=FALSE,M14=TRUE,N14=FALSE),"FAVORABLE", IF(AND(OR(TODAY()<K14,K14=""),O14=FALSE,M14=FALSE,N14=FALSE),"ERROR","-"))))))) -> - | Q14: =REPT("██",IF(P14="Favorable",1,IF(P14="Condicionado",2,IF(P14="PTE.",3,IF(P14="desfavorable",4,"0"))))) | U14: RD 88/2003
A15: 5 | E15: Ascens. y Montac. | F15: OCA | G15: 2 | K15: =IF(OR(J15="-",J15="")," ",IF(ISNUMBER(G15),J15+(365*G15),IF(G15="Mensual",J15+30,IF(G15="Trimestral",J15+91,IF(G15="Semestral",J15+182,IF(G15="Diario",J15+1,J15+365)))))) | M15: FALSE | N15: FALSE | O15: FALSE | P15: =IF(AND(OR(K15="",K15=" "),OR(M15=TRUE,N15=TRUE,O15=TRUE)),"ERROR", IF(OR(K15="",K15=" "),"-", IF(AND(TODAY()>K15,K15<>""),"PTE.", IF(AND(TODAY()<K15,O15=TRUE),"DESFAVORABLE", IF(AND(TODAY()<K15,O15=FALSE,OR(AND(M15=FALSE,N15=TRUE),AND(M15=TRUE,N15=TRUE))),"CONDICIONADO", IF(AND(TODAY()<K15,O15=FALSE,M15=TRUE,N15=FALSE),"FAVORABLE", IF(AND(OR(TODAY()<K15,K15=""),O15=FALSE,M15=FALSE,N15=FALSE),"ERROR","-"))))))) -> - | Q15: =REPT("██",IF(P15="Favorable",1,IF(P15="Condicionado",2,IF(P15="PTE.",3,IF(P15="desfavorable",4,"0"))))) | U15: RD 88/2003
A16: 6 | E16: Ascens. y Montac. | F16: OCA | G16: 2 | K16: =IF(OR(J16="-",J16="")," ",IF(ISNUMBER(G16),J16+(365*G16),IF(G16="Mensual",J16+30,IF(G16="Trimestral",J16+91,IF(G16="Semestral",J16+182,IF(G16="Diario",J16+1,J16+365)))))) | M16: FALSE | N16: FALSE | O16: FALSE | P16: =IF(AND(OR(K16="",K16=" "),OR(M16=TRUE,N16=TRUE,O16=TRUE)),"ERROR", IF(OR(K16="",K16=" "),"-", IF(AND(TODAY()>K16,K16<>""),"PTE.", IF(AND(TODAY()<K16,O16=TRUE),"DESFAVORABLE", IF(AND(TODAY()<K16,O16=FALSE,OR(AND(M16=FALSE,N16=TRUE),AND(M16=TRUE,N16=TRUE))),"CONDICIONADO", IF(AND(TODAY()<K16,O16=FALSE,M16=TRUE,N16=FALSE),"FAVORABLE", IF(AND(OR(TODAY()<K16,K16=""),O16=FALSE,M16=FALSE,N16=FALSE),"ERROR","-"))))))) -> - | Q16: =REPT("██",IF(P16="Favorable",1,IF(P16="Condicionado",2,IF(P16="PTE.",3,IF(P16="desfavorable",4,"0"))))) | U16: RD 88/2003
A17: 7 | E17: Ascens. y Montac. | F17: OCA | G17: 2 | K17: =IF(OR(J17="-",J17="")," ",IF(ISNUMBER(G17),J17+(365*G17),IF(G17="Mensual",J17+30,IF(G17="Trimestral",J17+91,IF(G17="Semestral",J17+182,IF(G17="Diario",J17+1,J17+365)))))) | M17: FALSE | N17: FALSE | O17: FALSE | P17: =IF(AND(OR(K17="",K17=" "),OR(M17=TRUE,N17=TRUE,O17=TRUE)),"ERROR", IF(OR(K17="",K17=" "),"-", IF(AND(TODAY()>K17,K17<>""),"PTE.", IF(AND(TODAY()<K17,O17=TRUE),"DESFAVORABLE", IF(AND(TODAY()<K17,O17=FALSE,OR(AND(M17=FALSE,N17=TRUE),AND(M17=TRUE,N17=TRUE))),"CONDICIONADO", IF(AND(TODAY()<K17,O17=FALSE,M17=TRUE,N17=FALSE),"FAVORABLE", IF(AND(OR(TODAY()<K17,K17=""),O17=FALSE,M17=FALSE,N17=FALSE),"ERROR","-"))))))) -> - | Q17: =REPT("██",IF(P17="Favorable",1,IF(P17="Condicionado",2,IF(P17="PTE.",3,IF(P17="desfavorable",4,"0"))))) | U17: RD 88/2003
A18: 8 | E18: Ascens. y Montac. | F18: OCA | G18: 2 | K18: =IF(OR(J18="-",J18="")," ",IF(ISNUMBER(G18),J18+(365*G18),IF(G18="Mensual",J18+30,IF(G18="Trimestral",J18+91,IF(G18="Semestral",J18+182,IF(G18="Diario",J18+1,J18+365)))))) | M18: FALSE | N18: FALSE | O18: FALSE | P18: =IF(AND(OR(K18="",K18=" "),OR(M18=TRUE,N18=TRUE,O18=TRUE)),"ERROR", IF(OR(K18="",K18=" "),"-", IF(AND(TODAY()>K18,K18<>""),"PTE.", IF(AND(TODAY()<K18,O18=TRUE),"DESFAVORABLE", IF(AND(TODAY()<K18,O18=FALSE,OR(AND(M18=FALSE,N18=TRUE),AND(M18=TRUE,N18=TRUE))),"CONDICIONADO", IF(AND(TODAY()<K18,O18=FALSE,M18=TRUE,N18=FALSE),"FAVORABLE", IF(AND(OR(TODAY()<K18,K18=""),O18=FALSE,M18=FALSE,N18=FALSE),"ERROR","-"))))))) -> - | Q18: =REPT("██",IF(P18="Favorable",1,IF(P18="Condicionado",2,IF(P18="PTE.",3,IF(P18="desfavorable",4,"0")))))
A19: 9 | E19: Ascens. y Montac. | F19: OCA | G19: 2 | K19: =IF(OR(J19="-",J19="")," ",IF(ISNUMBER(G19),J19+(365*G19),IF(G19="Mensual",J19+30,IF(G19="Trimestral",J19+91,IF(G19="Semestral",J19+182,IF(G19="Diario",J19+1,J19+365)))))) | M19: FALSE | N19: FALSE | O19: FALSE | P19: =IF(AND(OR(K19="",K19=" "),OR(M19=TRUE,N19=TRUE,O19=TRUE)),"ERROR", IF(OR(K19="",K19=" "),"-", IF(AND(TODAY()>K19,K19<>""),"PTE.", IF(AND(TODAY()<K19,O19=TRUE),"DESFAVORABLE", IF(AND(TODAY()<K19,O19=FALSE,OR(AND(M19=FALSE,N19=TRUE),AND(M19=TRUE,N19=TRUE))),"CONDICIONADO", IF(AND(TODAY()<K19,O19=FALSE,M19=TRUE,N19=FALSE),"FAVORABLE", IF(AND(OR(TODAY()<K19,K19=""),O19=FALSE,M19=FALSE,N19=FALSE),"ERROR","-"))))))) -> - | Q19: =REPT("██",IF(P19="Favorable",1,IF(P19="Condicionado",2,IF(P19="PTE.",3,IF(P19="desfavorable",4,"0")))))
A20: 10 | E20: Ascens. y Montac. | F20: OCA | G20: 2 | K20: =IF(OR(J20="-",J20="")," ",IF(ISNUMBER(G20),J20+(365*G20),IF(G20="Mensual",J20+30,IF(G20="Trimestral",J20+91,IF(G20="Semestral",J20+182,IF(G20="Diario",J20+1,J20+365)))))) | M20: FALSE | N20: FALSE | O20: FALSE | P20: =IF(AND(OR(K20="",K20=" "),OR(M20=TRUE,N20=TRUE,O20=TRUE)),"ERROR", IF(OR(K20="",K20=" "),"-", IF(AND(TODAY()>K20,K20<>""),"PTE.", IF(AND(TODAY()<K20,O20=TRUE),"DESFAVORABLE", IF(AND(TODAY()<K20,O20=FALSE,OR(AND(M20=FALSE,N20=TRUE),AND(M20=TRUE,N20=TRUE))),"CONDICIONADO", IF(AND(TODAY()<K20,O20=FALSE,M20=TRUE,N20=FALSE),"FAVORABLE", IF(AND(OR(TODAY()<K20,K20=""),O20=FALSE,M20=FALSE,N20=FALSE),"ERROR","-"))))))) -> - | Q20: =REPT("██",IF(P20="Favorable",1,IF(P20="Condicionado",2,IF(P20="PTE.",3,IF(P20="desfavorable",4,"0")))))
A21: 11 | E21: Ascens. y Montac. | F21: OCA | G21: 2 | K21: =IF(OR(J21="-",J21="")," ",IF(ISNUMBER(G21),J21+(365*G21),IF(G21="Mensual",J21+30,IF(G21="Trimestral",J21+91,IF(G21="Semestral",J21+182,IF(G21="Diario",J21+1,J21+365)))))) | M21: FALSE | N21: FALSE | O21: FALSE | P21: =IF(AND(OR(K21="",K21=" "),OR(M21=TRUE,N21=TRUE,O21=TRUE)),"ERROR", IF(OR(K21="",K21=" "),"-", IF(AND(TODAY()>K21,K21<>""),"PTE.", IF(AND(TODAY()<K21,O21=TRUE),"DESFAVORABLE", IF(AND(TODAY()<K21,O21=FALSE,OR(AND(M21=FALSE,N21=TRUE),AND(M21=TRUE,N21=TRUE))),"CONDICIONADO", IF(AND(TODAY()<K21,O21=FALSE,M21=TRUE,N21=FALSE),"FAVORABLE", IF(AND(OR(TODAY()<K21,K21=""),O21=FALSE,M21=FALSE,N21=FALSE),"ERROR","-"))))))) -> - | Q21: =REPT("██",IF(P21="Favorable",1,IF(P21="Condicionado",2,IF(P21="PTE.",3,IF(P21="desfavorable",4,"0")))))
A22: 12 | E22: Ascens. y Montac. | F22: OCA | G22: 2 | K22: =IF(OR(J22="-",J22="")," ",IF(ISNUMBER(G22),J22+(365*G22),IF(G22="Mensual",J22+30,IF(G22="Trimestral",J22+91,IF(G22="Semestral",J22+182,IF(G22="Diario",J22+1,J22+365)))))) | M22: FALSE | N22: FALSE | O22: FALSE | P22: =IF(AND(OR(K22="",K22=" "),OR(M22=TRUE,N22=TRUE,O22=TRUE)),"ERROR", IF(OR(K22="",K22=" "),"-", IF(AND(TODAY()>K22,K22<>""),"PTE.", IF(AND(TODAY()<K22,O22=TRUE),"DESFAVORABLE", IF(AND(TODAY()<K22,O22=FALSE,OR(AND(M22=FALSE,N22=TRUE),AND(M22=TRUE,N22=TRUE))),"CONDICIONADO", IF(AND(TODAY()<K22,O22=FALSE,M22=TRUE,N22=FALSE),"FAVORABLE", IF(AND(OR(TODAY()<K22,K22=""),O22=FALSE,M22=FALSE,N22=FALSE),"ERROR","-"))))))) -> - | Q22: =REPT("██",IF(P22="Favorable",1,IF(P22="Condicionado",2,IF(P22="PTE.",3,IF(P22="desfavorable",4,"0")))))
A23: 13 | E23: Ascens. y Montac. | F23: OCA | G23: 2 | K23: =IF(OR(J23="-",J23="")," ",IF(ISNUMBER(G23),J23+(365*G23),IF(G23="Mensual",J23+30,IF(G23="Trimestral",J23+91,IF(G23="Semestral",J23+182,IF(G23="Diario",J23+1,J23+365)))))) | M23: FALSE | N23: FALSE | O23: FALSE | P23: =IF(AND(OR(K23="",K23=" "),OR(M23=TRUE,N23=TRUE,O23=TRUE)),"ERROR", IF(OR(K23="",K23=" "),"-", IF(AND(TODAY()>K23,K23<>""),"PTE.", IF(AND(TODAY()<K23,O23=TRUE),"DESFAVORABLE", IF(AND(TODAY()<K23,O23=FALSE,OR(AND(M23=FALSE,N23=TRUE),AND(M23=TRUE,N23=TRUE))),"CONDICIONADO", IF(AND(TODAY()<K23,O23=FALSE,M23=TRUE,N23=FALSE),"FAVORABLE", IF(AND(OR(TODAY()<K23,K23=""),O23=FALSE,M23=FALSE,N23=FALSE),"ERROR","-"))))))) -> - | Q23: =REPT("██",IF(P23="Favorable",1,IF(P23="Condicionado",2,IF(P23="PTE.",3,IF(P23="desfavorable",4,"0")))))
A24: 14 | E24: Ascens. y Montac. | F24: Revision | G24: Mensual | K24: =IF(OR(J24="-",J24="")," ",IF(ISNUMBER(G24),J24+(365*G24),IF(G24="Mensual",J24+30,IF(G24="Trimestral",J24+91,IF(G24="Semestral",J24+182,IF(G24="Diario",J24+1,J24+365)))))) | M24: FALSE | N24: FALSE | O24: FALSE | P24: =IF(AND(OR(K24="",K24=" "),OR(M24=TRUE,N24=TRUE,O24=TRUE)),"ERROR", IF(OR(K24="",K24=" "),"-", IF(AND(TODAY()>K24,K24<>""),"PTE.", IF(AND(TODAY()<K24,O24=TRUE),"DESFAVORABLE", IF(AND(TODAY()<K24,O24=FALSE,OR(AND(M24=FALSE,N24=TRUE),AND(M24=TRUE,N24=TRUE))),"CONDICIONADO", IF(AND(TODAY()<K24,O24=FALSE,M24=TRUE,N24=FALSE),"FAVORABLE", IF(AND(OR(TODAY()<K24,K24=""),O24=FALSE,M24=FALSE,N24=FALSE),"ERROR","-"))))))) -> - | Q24: =REPT("██",IF(P24="Favorable",1,IF(P24="Condicionado",2,IF(P24="PTE.",3,IF(P24="desfavorable",4,"0")))))
A25: 15 | D25: 1.2 | E25: Escaleras mec. / Travelators | F25: Revision | G25: Mensual | K25: =IF(OR(J25="-",J25="")," ",IF(ISNUMBER(G25),J25+(365*G25),IF(G25="Mensual",J25+30,IF(G25="Trimestral",J25+91,IF(G25="Semestral",J25+182,IF(G25="Diario",J25+1,J25+365)))))) | M25: FALSE | N25: FALSE | O25: FALSE | P25: =IF(AND(OR(K25="",K25=" "),OR(M25=TRUE,N25=TRUE,O25=TRUE)),"ERROR", IF(OR(K25="",K25=" "),"-", IF(AND(TODAY()>K25,K25<>""),"PTE.", IF(AND(TODAY()<K25,O25=TRUE),"DESFAVORABLE", IF(AND(TODAY()<K25,O25=FALSE,OR(AND(M25=FALSE,N25=TRUE),AND(M25=TRUE,N25=TRUE))),"CONDICIONADO", IF(AND(TODAY()<K25,O25=FALSE,M25=TRUE,N25=FALSE),"FAVORABLE", IF(AND(OR(TODAY()<K25,K25=""),O25=FALSE,M25=FALSE,N25=FALSE),"ERROR","-"))))))) -> - | Q25: =REPT("██",IF(P25="Favorable",1,IF(P25="Condicionado",2,IF(P25="PTE.",3,IF(P25="desfavorable",4,"0")))))
A26: 16 | D26: 1.3 | E26: Góndolas | F26: Revision | G26: Trimestral | K26: =IF(OR(J26="-",J26="")," ",IF(ISNUMBER(G26),J26+(365*G26),IF(G26="Mensual",J26+30,IF(G26="Trimestral",J26+91,IF(G26="Semestral",J26+182,IF(G26="Diario",J26+1,J26+365)))))) | M26: FALSE | N26: FALSE | O26: FALSE | P26: =IF(AND(OR(K26="",K26=" "),OR(M26=TRUE,N26=TRUE,O26=TRUE)),"ERROR", IF(OR(K26="",K26=" "),"-", IF(AND(TODAY()>K26,K26<>""),"PTE.", IF(AND(TODAY()<K26,O26=TRUE),"DESFAVORABLE", IF(AND(TODAY()<K26,O26=FALSE,OR(AND(M26=FALSE,N26=TRUE),AND(M26=TRUE,N26=TRUE))),"CONDICIONADO", IF(AND(TODAY()<K26,O26=FALSE,M26=TRUE,N26=FALSE),"FAVORABLE", IF(AND(OR(TODAY()<K26,K26=""),O26=FALSE,M26=FALSE,N26=FALSE),"ERROR","-"))))))) -> - | Q26: =REPT("██",IF(P26="Favorable",1,IF(P26="Condicionado",2,IF(P26="PTE.",3,IF(P26="desfavorable",4,"0"))))) | U26: (RD1215/97 y RD 2177/04 Disposiciones minimas de seguridad y salud en equipos de trabajo)
A27: 17 | B27: 2 | C27: ELECTRICIDAD | D27: 2.1 | E27: Alta Tensión | F27: Revision | G27: 1 | K27: =IF(OR(J27="-",J27="")," ",IF(ISNUMBER(G27),J27+(365*G27),IF(G27="Mensual",J27+30,IF(G27="Trimestral",J27+91,IF(G27="Semestral",J27+182,IF(G27="Diario",J27+1,J27+365)))))) | M27: FALSE | N27: FALSE | O27: FALSE | P27: =IF(AND(OR(K27="",K27=" "),OR(M27=TRUE,N27=TRUE,O27=TRUE)),"ERROR", IF(OR(K27="",K27=" "),"-", IF(AND(TODAY()>K27,K27<>""),"PTE.", IF(AND(TODAY()<K27,O27=TRUE),"DESFAVORABLE", IF(AND(TODAY()<K27,O27=FALSE,OR(AND(M27=FALSE,N27=TRUE),AND(M27=TRUE,N27=TRUE))),"CONDICIONADO", IF(AND(TODAY()<K27,O27=FALSE,M27=TRUE,N27=FALSE),"FAVORABLE", IF(AND(OR(TODAY()<K27,K27=""),O27=FALSE,M27=FALSE,N27=FALSE),"ERROR","-"))))))) -> - | Q27: =REPT("██",IF(P27="Favorable",1,IF(P27="Condicionado",2,IF(P27="PTE.",3,IF(P27="desfavorable",4,"0"))))) | U27: (RD 337/2014 - Reglamento sobre condiciones técnicas y garantías de seguridad en instalación eléctricas de AT - ITC RAT-23 "Verificaciones e Inspecciones")
A28: 18 | E28: Alta Tensión | F28: OCA | G28: 3 | K28: =IF(OR(J28="-",J28="")," ",IF(ISNUMBER(G28),J28+(365*G28),IF(G28="Mensual",J28+30,IF(G28="Trimestral",J28+91,IF(G28="Semestral",J28+182,IF(G28="Diario",J28+1,J28+365)))))) | M28: FALSE | N28: FALSE | O28: FALSE | P28: =IF(AND(OR(K28="",K28=" "),OR(M28=TRUE,N28=TRUE,O28=TRUE)),"ERROR", IF(OR(K28="",K28=" "),"-", IF(AND(TODAY()>K28,K28<>""),"PTE.", IF(AND(TODAY()<K28,O28=TRUE),"DESFAVORABLE", IF(AND(TODAY()<K28,O28=FALSE,OR(AND(M28=FALSE,N28=TRUE),AND(M28=TRUE,N28=TRUE))),"CONDICIONADO", IF(AND(TODAY()<K28,O28=FALSE,M28=TRUE,N28=FALSE),"FAVORABLE", IF(AND(OR(TODAY()<K28,K28=""),O28=FALSE,M28=FALSE,N28=FALSE),"ERROR","-"))))))) -> - | Q28: =REPT("██",IF(P28="Favorable",1,IF(P28="Condicionado",2,IF(P28="PTE.",3,IF(P28="desfavorable",4,"0"))))) | U28: RD 3275/82
A29: 19 | D29: 2.2 | E29: Baja Tensión | F29: Revision | G29: 1 | K29: =IF(OR(J29="-",J29="")," ",IF(ISNUMBER(G29),J29+(365*G29),IF(G29="Mensual",J29+30,IF(G29="Trimestral",J29+91,IF(G29="Semestral",J29+182,IF(G29="Diario",J29+1,J29+365)))))) | M29: FALSE | N29: FALSE | O29: FALSE | P29: =IF(AND(OR(K29="",K29=" "),OR(M29=TRUE,N29=TRUE,O29=TRUE)),"ERROR", IF(OR(K29="",K29=" "),"-", IF(AND(TODAY()>K29,K29<>""),"PTE.", IF(AND(TODAY()<K29,O29=TRUE),"DESFAVORABLE", IF(AND(TODAY()<K29,O29=FALSE,OR(AND(M29=FALSE,N29=TRUE),AND(M29=TRUE,N29=TRUE))),"CONDICIONADO", IF(AND(TODAY()<K29,O29=FALSE,M29=TRUE,N29=FALSE),"FAVORABLE", IF(AND(OR(TODAY()<K29,K29=""),O29=FALSE,M29=FALSE,N29=FALSE),"ERROR","-"))))))) -> - | Q29: =REPT("██",IF(P29="Favorable",1,IF(P29="Condicionado",2,IF(P29="PTE.",3,IF(P29="desfavorable",4,"0"))))) | U29: RD 842/2002
A30: 20 | E30: Baja Tensión | F30: Informe termografico | G30: 1 | K30: =IF(OR(J30="-",J30="")," ",IF(ISNUMBER(G30),J30+(365*G30),IF(G30="Mensual",J30+30,IF(G30="Trimestral",J30+91,IF(G30="Semestral",J30+182,IF(G30="Diario",J30+1,J30+365)))))) | M30: FALSE | N30: FALSE | O30: FALSE | P30: =IF(AND(OR(K30="",K30=" "),OR(M30=TRUE,N30=TRUE,O30=TRUE)),"ERROR", IF(OR(K30="",K30=" "),"-", IF(AND(TODAY()>K30,K30<>""),"PTE.", IF(AND(TODAY()<K30,O30=TRUE),"DESFAVORABLE", IF(AND(TODAY()<K30,O30=FALSE,OR(AND(M30=FALSE,N30=TRUE),AND(M30=TRUE,N30=TRUE))),"CONDICIONADO", IF(AND(TODAY()<K30,O30=FALSE,M30=TRUE,N30=FALSE),"FAVORABLE", IF(AND(OR(TODAY()<K30,K30=""),O30=FALSE,M30=FALSE,N30=FALSE),"ERROR","-"))))))) -> - | Q30: =REPT("██",IF(P30="Favorable",1,IF(P30="Condicionado",2,IF(P30="PTE.",3,IF(P30="desfavorable",4,"0"))))) | U30: RD 842/2002
A31: 21 | E31: Baja Tensión | F31: OCA | G31: 5 | K31: =IF(OR(J31="-",J31="")," ",IF(ISNUMBER(G31),J31+(365*G31),IF(G31="Mensual",J31+30,IF(G31="Trimestral",J31+91,IF(G31="Semestral",J31+182,IF(G31="Diario",J31+1,J31+365)))))) | M31: FALSE | N31: FALSE | O31: FALSE | P31: =IF(AND(OR(K31="",K31=" "),OR(M31=TRUE,N31=TRUE,O31=TRUE)),"ERROR", IF(OR(K31="",K31=" "),"-", IF(AND(TODAY()>K31,K31<>""),"PTE.", IF(AND(TODAY()<K31,O31=TRUE),"DESFAVORABLE", IF(AND(TODAY()<K31,O31=FALSE,OR(AND(M31=FALSE,N31=TRUE),AND(M31=TRUE,N31=TRUE))),"CONDICIONADO", IF(AND(TODAY()<K31,O31=FALSE,M31=TRUE,N31=FALSE),"FAVORABLE", IF(AND(OR(TODAY()<K31,K31=""),O31=FALSE,M31=FALSE,N31=FALSE),"ERROR","-"))))))) -> - | Q31: =REPT("██",IF(P31="Favorable",1,IF(P31="Condicionado",2,IF(P31="PTE.",3,IF(P31="desfavorable",4,"0"))))) | U31: RD 842/2002
A32: 22 | D32: 2.3 | E32: Bateria Condesnsadores | F32: Revision | G32: 1 | K32: =IF(OR(J32="-",J32="")," ",IF(ISNUMBER(G32),J32+(365*G32),IF(G32="Mensual",J32+30,IF(G32="Trimestral",J32+91,IF(G32="Semestral",J32+182,IF(G32="Diario",J32+1,J32+365)))))) | M32: FALSE | N32: FALSE | O32: FALSE | P32: =IF(AND(OR(K32="",K32=" "),OR(M32=TRUE,N32=TRUE,O32=TRUE)),"ERROR", IF(OR(K32="",K32=" "),"-", IF(AND(TODAY()>K32,K32<>""),"PTE.", IF(AND(TODAY()<K32,O32=TRUE),"DESFAVORABLE", IF(AND(TODAY()<K32,O32=FALSE,OR(AND(M32=FALSE,N32=TRUE),AND(M32=TRUE,N32=TRUE))),"CONDICIONADO", IF(AND(TODAY()<K32,O32=FALSE,M32=TRUE,N32=FALSE),"FAVORABLE", IF(AND(OR(TODAY()<K32,K32=""),O32=FALSE,M32=FALSE,N32=FALSE),"ERROR","-"))))))) -> - | Q32: =REPT("██",IF(P32="Favorable",1,IF(P32="Condicionado",2,IF(P32="PTE.",3,IF(P32="desfavorable",4,"0")))))
A33: 23 | B33: 3 | C33: PARARRAYOS | D33: 3 | E33: Pararrayos | F33: Revision fav. | G33: 1 | K33: =IF(OR(J33="-",J33="")," ",IF(ISNUMBER(G33),J33+(365*G33),IF(G33="Mensual",J33+30,IF(G33="Trimestral",J33+91,IF(G33="Semestral",J33+182,IF(G33="Diario",J33+1,J33+365)))))) | M33: FALSE | N33: FALSE | O33: FALSE | P33: =IF(AND(OR(K33="",K33=" "),OR(M33=TRUE,N33=TRUE,O33=TRUE)),"ERROR", IF(OR(K33="",K33=" "),"-", IF(AND(TODAY()>K33,K33<>""),"PTE.", IF(AND(TODAY()<K33,O33=TRUE),"DESFAVORABLE", IF(AND(TODAY()<K33,O33=FALSE,OR(AND(M33=FALSE,N33=TRUE),AND(M33=TRUE,N33=TRUE))),"CONDICIONADO", IF(AND(TODAY()<K33,O33=FALSE,M33=TRUE,N33=FALSE),"FAVORABLE", IF(AND(OR(TODAY()<K33,K33=""),O33=FALSE,M33=FALSE,N33=FALSE),"ERROR","-"))))))) -> - | Q33: =REPT("██",IF(P33="Favorable",1,IF(P33="Condicionado",2,IF(P33="PTE.",3,IF(P33="desfavorable",4,"0")))))
A34: 24 | B34: 4 | C34: PCI | D34: 4.1 | E34: PCI. Ext., Det. y alar. Hid. | F34: Revision | G34: Trimestral | K34: =IF(OR(J34="-",J34="")," ",IF(ISNUMBER(G34),J34+(365*G34),IF(G34="Mensual",J34+30,IF(G34="Trimestral",J34+91,IF(G34="Semestral",J34+182,IF(G34="Diario",J34+1,J34+365)))))) | M34: FALSE | N34: FALSE | O34: FALSE | P34: =IF(AND(OR(K34="",K34=" "),OR(M34=TRUE,N34=TRUE,O34=TRUE)),"ERROR", IF(OR(K34="",K34=" "),"-", IF(AND(TODAY()>K34,K34<>""),"PTE.", IF(AND(TODAY()<K34,O34=TRUE),"DESFAVORABLE", IF(AND(TODAY()<K34,O34=FALSE,OR(AND(M34=FALSE,N34=TRUE),AND(M34=TRUE,N34=TRUE))),"CONDICIONADO", IF(AND(TODAY()<K34,O34=FALSE,M34=TRUE,N34=FALSE),"FAVORABLE", IF(AND(OR(TODAY()<K34,K34=""),O34=FALSE,M34=FALSE,N34=FALSE),"ERROR","-"))))))) -> - | Q34: =REPT("██",IF(P34="Favorable",1,IF(P34="Condicionado",2,IF(P34="PTE.",3,IF(P34="desfavorable",4,"0"))))) | U34: (RD516/2017 - Reglamento de instalaciones de protección contra incendios)
A35: 25 | E35: PCI. Ext., Det. y alar. Hid. | F35: Revision | G35: 1 | K35: =IF(OR(J35="-",J35="")," ",IF(ISNUMBER(G35),J35+(365*G35),IF(G35="Mensual",J35+30,IF(G35="Trimestral",J35+91,IF(G35="Semestral",J35+182,IF(G35="Diario",J35+1,J35+365)))))) | M35: FALSE | N35: FALSE | O35: FALSE | P35: =IF(AND(OR(K35="",K35=" "),OR(M35=TRUE,N35=TRUE,O35=TRUE)),"ERROR", IF(OR(K35="",K35=" "),"-", IF(AND(TODAY()>K35,K35<>""),"PTE.", IF(AND(TODAY()<K35,O35=TRUE),"DESFAVORABLE", IF(AND(TODAY()<K35,O35=FALSE,OR(AND(M35=FALSE,N35=TRUE),AND(M35=TRUE,N35=TRUE))),"CONDICIONADO", IF(AND(TODAY()<K35,O35=FALSE,M35=TRUE,N35=FALSE),"FAVORABLE", IF(AND(OR(TODAY()<K35,K35=""),O35=FALSE,M35=FALSE,N35=FALSE),"ERROR","-"))))))) -> - | Q35: =REPT("██",IF(P35="Favorable",1,IF(P35="Condicionado",2,IF(P35="PTE.",3,IF(P35="desfavorable",4,"0")))))
A36: 26 | E36: PCI. Ext., Det. y alar. Hid. | F36: Acta Emp. Mant. | G36: inicial | K36: =IF(OR(J36="-",J36="")," ",IF(ISNUMBER(G36),J36+(365*G36),IF(G36="Mensual",J36+30,IF(G36="Trimestral",J36+91,IF(G36="Semestral",J36+182,IF(G36="Diario",J36+1,J36+365)))))) | M36: FALSE | N36: FALSE | O36: FALSE | P36: =IF(AND(OR(K36="",K36=" "),OR(M36=TRUE,N36=TRUE,O36=TRUE)),"ERROR", IF(OR(K36="",K36=" "),"-", IF(AND(TODAY()>K36,K36<>""),"PTE.", IF(AND(TODAY()<K36,O36=TRUE),"DESFAVORABLE", IF(AND(TODAY()<K36,O36=FALSE,OR(AND(M36=FALSE,N36=TRUE),AND(M36=TRUE,N36=TRUE))),"CONDICIONADO", IF(AND(TODAY()<K36,O36=FALSE,M36=TRUE,N36=FALSE),"FAVORABLE", IF(AND(OR(TODAY()<K36,K36=""),O36=FALSE,M36=FALSE,N36=FALSE),"ERROR","-"))))))) -> - | Q36: =REPT("██",IF(P36="Favorable",1,IF(P36="Condicionado",2,IF(P36="PTE.",3,IF(P36="desfavorable",4,"0")))))
A37: 27 | D37: 4.2 | E37: PCI. Inspección en est.ind. | F37: OCA | G37: 10 | K37: =IF(OR(J37="-",J37="")," ",IF(ISNUMBER(G37),J37+(365*G37),IF(G37="Mensual",J37+30,IF(G37="Trimestral",J37+91,IF(G37="Semestral",J37+182,IF(G37="Diario",J37+1,J37+365)))))) | M37: FALSE | N37: FALSE | O37: FALSE | P37: =IF(AND(OR(K37="",K37=" "),OR(M37=TRUE,N37=TRUE,O37=TRUE)),"ERROR", IF(OR(K37="",K37=" "),"-", IF(AND(TODAY()>K37,K37<>""),"PTE.", IF(AND(TODAY()<K37,O37=TRUE),"DESFAVORABLE", IF(AND(TODAY()<K37,O37=FALSE,OR(AND(M37=FALSE,N37=TRUE),AND(M37=TRUE,N37=TRUE))),"CONDICIONADO", IF(AND(TODAY()<K37,O37=FALSE,M37=TRUE,N37=FALSE),"FAVORABLE", IF(AND(OR(TODAY()<K37,K37=""),O37=FALSE,M37=FALSE,N37=FALSE),"ERROR","-"))))))) -> - | Q37: =REPT("██",IF(P37="Favorable",1,IF(P37="Condicionado",2,IF(P37="PTE.",3,IF(P37="desfavorable",4,"0"))))) | U37: RD 1942/1993
A38: 28 | E38: PCI. Inspección en est.ind. | F38: OCA | G38: 5 | K38: =IF(OR(J38="-",J38="")," ",IF(ISNUMBER(G38),J38+(365*G38),IF(G38="Mensual",J38+30,IF(G38="Trimestral",J38+91,IF(G38="Semestral",J38+182,IF(G38="Diario",J38+1,J38+365)))))) | M38: FALSE | N38: FALSE | O38: FALSE | P38: =IF(AND(OR(K38="",K38=" "),OR(M38=TRUE,N38=TRUE,O38=TRUE)),"ERROR", IF(OR(K38="",K38=" "),"-", IF(AND(TODAY()>K38,K38<>""),"PTE.", IF(AND(TODAY()<K38,O38=TRUE),"DESFAVORABLE", IF(AND(TODAY()<K38,O38=FALSE,OR(AND(M38=FALSE,N38=TRUE),AND(M38=TRUE,N38=TRUE))),"CONDICIONADO", IF(AND(TODAY()<K38,O38=FALSE,M38=TRUE,N38=FALSE),"FAVORABLE", IF(AND(OR(TODAY()<K38,K38=""),O38=FALSE,M38=FALSE,N38=FALSE),"ERROR","-"))))))) -> - | Q38: =REPT("██",IF(P38="Favorable",1,IF(P38="Condicionado",2,IF(P38="PTE.",3,IF(P38="desfavorable",4,"0"))))) | U38: (RD 2267/2004 - Reglamento de Seguridad Contra Incendios en los Establecimientos Industriales)
A39: 29 | E39: PCI. Inspección en est.ind. | F39: OCA | G39: 3 | K39: =IF(OR(J39="-",J39="")," ",IF(ISNUMBER(G39),J39+(365*G39),IF(G39="Mensual",J39+30,IF(G39="Trimestral",J39+91,IF(G39="Semestral",J39+182,IF(G39="Diario",J39+1,J39+365)))))) | M39: FALSE | N39: FALSE | O39: FALSE | P39: =IF(AND(OR(K39="",K39=" "),OR(M39=TRUE,N39=TRUE,O39=TRUE)),"ERROR", IF(OR(K39="",K39=" "),"-", IF(AND(TODAY()>K39,K39<>""),"PTE.", IF(AND(TODAY()<K39,O39=TRUE),"DESFAVORABLE", IF(AND(TODAY()<K39,O39=FALSE,OR(AND(M39=FALSE,N39=TRUE),AND(M39=TRUE,N39=TRUE))),"CONDICIONADO", IF(AND(TODAY()<K39,O39=FALSE,M39=TRUE,N39=FALSE),"FAVORABLE", IF(AND(OR(TODAY()<K39,K39=""),O39=FALSE,M39=FALSE,N39=FALSE),"ERROR","-"))))))) -> - | Q39: =REPT("██",IF(P39="Favorable",1,IF(P39="Condicionado",2,IF(P39="PTE.",3,IF(P39="desfavorable",4,"0"))))) | U39: (RD 2267/2004 - Reglamento de Seguridad Contra Incendios en los Establecimientos Industriales)
A40: 30 | E40: PCI. Inspección en est.ind. | F40: OCA | G40: 2 | K40: =IF(OR(J40="-",J40="")," ",IF(ISNUMBER(G40),J40+(365*G40),IF(G40="Mensual",J40+30,IF(G40="Trimestral",J40+91,IF(G40="Semestral",J40+182,IF(G40="Diario",J40+1,J40+365)))))) | M40: FALSE | N40: FALSE | O40: FALSE | P40: =IF(AND(OR(K40="",K40=" "),OR(M40=TRUE,N40=TRUE,O40=TRUE)),"ERROR", IF(OR(K40="",K40=" "),"-", IF(AND(TODAY()>K40,K40<>""),"PTE.", IF(AND(TODAY()<K40,O40=TRUE),"DESFAVORABLE", IF(AND(TODAY()<K40,O40=FALSE,OR(AND(M40=FALSE,N40=TRUE),AND(M40=TRUE,N40=TRUE))),"CONDICIONADO", IF(AND(TODAY()<K40,O40=FALSE,M40=TRUE,N40=FALSE),"FAVORABLE", IF(AND(OR(TODAY()<K40,K40=""),O40=FALSE,M40=FALSE,N40=FALSE),"ERROR","-"))))))) -> - | Q40: =REPT("██",IF(P40="Favorable",1,IF(P40="Condicionado",2,IF(P40="PTE.",3,IF(P40="desfavorable",4,"0"))))) | U40: (RD 2267/2004 - Reglamento de Seguridad Contra Incendios en los Establecimientos Industriales)
A41: 31 | D41: 4.3 | E41: PCI. Extintores | F41: Retimbrado | G41: 5 | K41: =IF(OR(J41="-",J41="")," ",IF(ISNUMBER(G41),J41+(365*G41),IF(G41="Mensual",J41+30,IF(G41="Trimestral",J41+91,IF(G41="Semestral",J41+182,IF(G41="Diario",J41+1,J41+365)))))) | M41: FALSE | N41: FALSE | O41: FALSE | P41: =IF(AND(OR(K41="",K41=" "),OR(M41=TRUE,N41=TRUE,O41=TRUE)),"ERROR", IF(OR(K41="",K41=" "),"-", IF(AND(TODAY()>K41,K41<>""),"PTE.", IF(AND(TODAY()<K41,O41=TRUE),"DESFAVORABLE", IF(AND(TODAY()<K41,O41=FALSE,OR(AND(M41=FALSE,N41=TRUE),AND(M41=TRUE,N41=TRUE))),"CONDICIONADO", IF(AND(TODAY()<K41,O41=FALSE,M41=TRUE,N41=FALSE),"FAVORABLE", IF(AND(OR(TODAY()<K41,K41=""),O41=FALSE,M41=FALSE,N41=FALSE),"ERROR","-"))))))) -> - | Q41: =REPT("██",IF(P41="Favorable",1,IF(P41="Condicionado",2,IF(P41="PTE.",3,IF(P41="desfavorable",4,"0")))))
A42: 32 | D42: 4.4 | E42: PCI. Ilum. Emergencia y carteleria | F42: Revision | G42: 1 | K42: =IF(OR(J42="-",J42="")," ",IF(ISNUMBER(G42),J42+(365*G42),IF(G42="Mensual",J42+30,IF(G42="Trimestral",J42+91,IF(G42="Semestral",J42+182,IF(G42="Diario",J42+1,J42+365)))))) | M42: FALSE | N42: FALSE | O42: FALSE | P42: =IF(AND(OR(K42="",K42=" "),OR(M42=TRUE,N42=TRUE,O42=TRUE)),"ERROR", IF(OR(K42="",K42=" "),"-", IF(AND(TODAY()>K42,K42<>""),"PTE.", IF(AND(TODAY()<K42,O42=TRUE),"DESFAVORABLE", IF(AND(TODAY()<K42,O42=FALSE,OR(AND(M42=FALSE,N42=TRUE),AND(M42=TRUE,N42=TRUE))),"CONDICIONADO", IF(AND(TODAY()<K42,O42=FALSE,M42=TRUE,N42=FALSE),"FAVORABLE", IF(AND(OR(TODAY()<K42,K42=""),O42=FALSE,M42=FALSE,N42=FALSE),"ERROR","-"))))))) -> - | Q42: =REPT("██",IF(P42="Favorable",1,IF(P42="Condicionado",2,IF(P42="PTE.",3,IF(P42="desfavorable",4,"0")))))
A43: 33 | D43: 4.5 | E43: PCI. Eq. Resp. Aut. (ERA) | F43: Revision equipo | G43: 1 | K43: =IF(OR(J43="-",J43="")," ",IF(ISNUMBER(G43),J43+(365*G43),IF(G43="Mensual",J43+30,IF(G43="Trimestral",J43+91,IF(G43="Semestral",J43+182,IF(G43="Diario",J43+1,J43+365)))))) | M43: FALSE | N43: FALSE | O43: FALSE | P43: =IF(AND(OR(K43="",K43=" "),OR(M43=TRUE,N43=TRUE,O43=TRUE)),"ERROR", IF(OR(K43="",K43=" "),"-", IF(AND(TODAY()>K43,K43<>""),"PTE.", IF(AND(TODAY()<K43,O43=TRUE),"DESFAVORABLE", IF(AND(TODAY()<K43,O43=FALSE,OR(AND(M43=FALSE,N43=TRUE),AND(M43=TRUE,N43=TRUE))),"CONDICIONADO", IF(AND(TODAY()<K43,O43=FALSE,M43=TRUE,N43=FALSE),"FAVORABLE", IF(AND(OR(TODAY()<K43,K43=""),O43=FALSE,M43=FALSE,N43=FALSE),"ERROR","-"))))))) -> - | Q43: =REPT("██",IF(P43="Favorable",1,IF(P43="Condicionado",2,IF(P43="PTE.",3,IF(P43="desfavorable",4,"0")))))
A44: 34 | E44: PCI. Eq. Resp. Aut. (ERA) | F44: Revision Botella | G44: 3 | K44: =IF(OR(J44="-",J44="")," ",IF(ISNUMBER(G44),J44+(365*G44),IF(G44="Mensual",J44+30,IF(G44="Trimestral",J44+91,IF(G44="Semestral",J44+182,IF(G44="Diario",J44+1,J44+365)))))) | M44: FALSE | N44: FALSE | O44: FALSE | P44: =IF(AND(OR(K44="",K44=" "),OR(M44=TRUE,N44=TRUE,O44=TRUE)),"ERROR", IF(OR(K44="",K44=" "),"-", IF(AND(TODAY()>K44,K44<>""),"PTE.", IF(AND(TODAY()<K44,O44=TRUE),"DESFAVORABLE", IF(AND(TODAY()<K44,O44=FALSE,OR(AND(M44=FALSE,N44=TRUE),AND(M44=TRUE,N44=TRUE))),"CONDICIONADO", IF(AND(TODAY()<K44,O44=FALSE,M44=TRUE,N44=FALSE),"FAVORABLE", IF(AND(OR(TODAY()<K44,K44=""),O44=FALSE,M44=FALSE,N44=FALSE),"ERROR","-"))))))) -> - | Q44: =REPT("██",IF(P44="Favorable",1,IF(P44="Condicionado",2,IF(P44="PTE.",3,IF(P44="desfavorable",4,"0")))))
A45: 35 | B45: 5 | C45: LEGIONELLA Y POTABILIDAD | D45: 5.1 | E45: LEGIONELA. Inst. AFCH y ACS | F45: Revision | G45: 1 | K45: =IF(OR(J45="-",J45="")," ",IF(ISNUMBER(G45),J45+(365*G45),IF(G45="Mensual",J45+30,IF(G45="Trimestral",J45+91,IF(G45="Semestral",J45+182,IF(G45="Diario",J45+1,J45+365)))))) | M45: FALSE | N45: FALSE | O45: FALSE | P45: =IF(AND(OR(K45="",K45=" "),OR(M45=TRUE,N45=TRUE,O45=TRUE)),"ERROR", IF(OR(K45="",K45=" "),"-", IF(AND(TODAY()>K45,K45<>""),"PTE.", IF(AND(TODAY()<K45,O45=TRUE),"DESFAVORABLE", IF(AND(TODAY()<K45,O45=FALSE,OR(AND(M45=FALSE,N45=TRUE),AND(M45=TRUE,N45=TRUE))),"CONDICIONADO", IF(AND(TODAY()<K45,O45=FALSE,M45=TRUE,N45=FALSE),"FAVORABLE", IF(AND(OR(TODAY()<K45,K45=""),O45=FALSE,M45=FALSE,N45=FALSE),"ERROR","-"))))))) -> - | Q45: =REPT("██",IF(P45="Favorable",1,IF(P45="Condicionado",2,IF(P45="PTE.",3,IF(P45="desfavorable",4,"0"))))) | U45: RD 865/2003 - Articulo 8. Programas de mantenimiento en las instalaciones (pag 4-5) y Artiulo 2.2. Clasificación de instalaciones
A46: 36 | E46: LEGIONELA. Inst. AFCH y ACS | F46: Cert. L+D | G46: 1 | K46: =IF(OR(J46="-",J46="")," ",IF(ISNUMBER(G46),J46+(365*G46),IF(G46="Mensual",J46+30,IF(G46="Trimestral",J46+91,IF(G46="Semestral",J46+182,IF(G46="Diario",J46+1,J46+365)))))) | M46: FALSE | N46: FALSE | O46: FALSE | P46: =IF(AND(OR(K46="",K46=" "),OR(M46=TRUE,N46=TRUE,O46=TRUE)),"ERROR", IF(OR(K46="",K46=" "),"-", IF(AND(TODAY()>K46,K46<>""),"PTE.", IF(AND(TODAY()<K46,O46=TRUE),"DESFAVORABLE", IF(AND(TODAY()<K46,O46=FALSE,OR(AND(M46=FALSE,N46=TRUE),AND(M46=TRUE,N46=TRUE))),"CONDICIONADO", IF(AND(TODAY()<K46,O46=FALSE,M46=TRUE,N46=FALSE),"FAVORABLE", IF(AND(OR(TODAY()<K46,K46=""),O46=FALSE,M46=FALSE,N46=FALSE),"ERROR","-"))))))) -> - | Q46: =REPT("██",IF(P46="Favorable",1,IF(P46="Condicionado",2,IF(P46="PTE.",3,IF(P46="desfavorable",4,"0")))))
A47: 37 | E47: LEGIONELA. Inst. AFCH y ACS | F47: Analiticas | G47: 1 | K47: =IF(OR(J47="-",J47="")," ",IF(ISNUMBER(G47),J47+(365*G47),IF(G47="Mensual",J47+30,IF(G47="Trimestral",J47+91,IF(G47="Semestral",J47+182,IF(G47="Diario",J47+1,J47+365)))))) | M47: FALSE | N47: FALSE | O47: FALSE | P47: =IF(AND(OR(K47="",K47=" "),OR(M47=TRUE,N47=TRUE,O47=TRUE)),"ERROR", IF(OR(K47="",K47=" "),"-", IF(AND(TODAY()>K47,K47<>""),"PTE.", IF(AND(TODAY()<K47,O47=TRUE),"DESFAVORABLE", IF(AND(TODAY()<K47,O47=FALSE,OR(AND(M47=FALSE,N47=TRUE),AND(M47=TRUE,N47=TRUE))),"CONDICIONADO", IF(AND(TODAY()<K47,O47=FALSE,M47=TRUE,N47=FALSE),"FAVORABLE", IF(AND(OR(TODAY()<K47,K47=""),O47=FALSE,M47=FALSE,N47=FALSE),"ERROR","-"))))))) -> - | Q47: =REPT("██",IF(P47="Favorable",1,IF(P47="Condicionado",2,IF(P47="PTE.",3,IF(P47="desfavorable",4,"0")))))
A48: 38 | D48: 5.2 | E48: LEGIONELA. Fte ornamental | F48: Revision | G48: 1 | K48: =IF(OR(J48="-",J48="")," ",IF(ISNUMBER(G48),J48+(365*G48),IF(G48="Mensual",J48+30,IF(G48="Trimestral",J48+91,IF(G48="Semestral",J48+182,IF(G48="Diario",J48+1,J48+365)))))) | M48: FALSE | N48: FALSE | O48: FALSE | P48: =IF(AND(OR(K48="",K48=" "),OR(M48=TRUE,N48=TRUE,O48=TRUE)),"ERROR", IF(OR(K48="",K48=" "),"-", IF(AND(TODAY()>K48,K48<>""),"PTE.", IF(AND(TODAY()<K48,O48=TRUE),"DESFAVORABLE", IF(AND(TODAY()<K48,O48=FALSE,OR(AND(M48=FALSE,N48=TRUE),AND(M48=TRUE,N48=TRUE))),"CONDICIONADO", IF(AND(TODAY()<K48,O48=FALSE,M48=TRUE,N48=FALSE),"FAVORABLE", IF(AND(OR(TODAY()<K48,K48=""),O48=FALSE,M48=FALSE,N48=FALSE),"ERROR","-"))))))) -> - | Q48: =REPT("██",IF(P48="Favorable",1,IF(P48="Condicionado",2,IF(P48="PTE.",3,IF(P48="desfavorable",4,"0"))))) | U48: RD 865/2003 - Articulo 8. Programas de mantenimiento en las instalaciones (pag 4-5) y Artiulo 2.2. Clasificación de instalaciones
A49: 39 | E49: LEGIONELA. Fte ornamental | F49: Cert. L+D | G49: 1 | K49: =IF(OR(J49="-",J49="")," ",IF(ISNUMBER(G49),J49+(365*G49),IF(G49="Mensual",J49+30,IF(G49="Trimestral",J49+91,IF(G49="Semestral",J49+182,IF(G49="Diario",J49+1,J49+365)))))) | M49: FALSE | N49: FALSE | O49: FALSE | P49: =IF(AND(OR(K49="",K49=" "),OR(M49=TRUE,N49=TRUE,O49=TRUE)),"ERROR", IF(OR(K49="",K49=" "),"-", IF(AND(TODAY()>K49,K49<>""),"PTE.", IF(AND(TODAY()<K49,O49=TRUE),"DESFAVORABLE", IF(AND(TODAY()<K49,O49=FALSE,OR(AND(M49=FALSE,N49=TRUE),AND(M49=TRUE,N49=TRUE))),"CONDICIONADO", IF(AND(TODAY()<K49,O49=FALSE,M49=TRUE,N49=FALSE),"FAVORABLE", IF(AND(OR(TODAY()<K49,K49=""),O49=FALSE,M49=FALSE,N49=FALSE),"ERROR","-"))))))) -> - | Q49: =REPT("██",IF(P49="Favorable",1,IF(P49="Condicionado",2,IF(P49="PTE.",3,IF(P49="desfavorable",4,"0")))))
A50: 40 | E50: LEGIONELA. Fte ornamental | F50: Analiticas | G50: 1 | K50: =IF(OR(J50="-",J50="")," ",IF(ISNUMBER(G50),J50+(365*G50),IF(G50="Mensual",J50+30,IF(G50="Trimestral",J50+91,IF(G50="Semestral",J50+182,IF(G50="Diario",J50+1,J50+365)))))) | M50: FALSE | N50: FALSE | O50: FALSE | P50: =IF(AND(OR(K50="",K50=" "),OR(M50=TRUE,N50=TRUE,O50=TRUE)),"ERROR", IF(OR(K50="",K50=" "),"-", IF(AND(TODAY()>K50,K50<>""),"PTE.", IF(AND(TODAY()<K50,O50=TRUE),"DESFAVORABLE", IF(AND(TODAY()<K50,O50=FALSE,OR(AND(M50=FALSE,N50=TRUE),AND(M50=TRUE,N50=TRUE))),"CONDICIONADO", IF(AND(TODAY()<K50,O50=FALSE,M50=TRUE,N50=FALSE),"FAVORABLE", IF(AND(OR(TODAY()<K50,K50=""),O50=FALSE,M50=FALSE,N50=FALSE),"ERROR","-"))))))) -> - | Q50: =REPT("██",IF(P50="Favorable",1,IF(P50="Condicionado",2,IF(P50="PTE.",3,IF(P50="desfavorable",4,"0")))))
A51: 41 | D51: 5.2 | E51: LEGIONELA. Inst. PCI | F51: Revision | G51: 1 | K51: =IF(OR(J51="-",J51="")," ",IF(ISNUMBER(G51),J51+(365*G51),IF(G51="Mensual",J51+30,IF(G51="Trimestral",J51+91,IF(G51="Semestral",J51+182,IF(G51="Diario",J51+1,J51+365)))))) | M51: FALSE | N51: FALSE | O51: FALSE | P51: =IF(AND(OR(K51="",K51=" "),OR(M51=TRUE,N51=TRUE,O51=TRUE)),"ERROR", IF(OR(K51="",K51=" "),"-", IF(AND(TODAY()>K51,K51<>""),"PTE.", IF(AND(TODAY()<K51,O51=TRUE),"DESFAVORABLE", IF(AND(TODAY()<K51,O51=FALSE,OR(AND(M51=FALSE,N51=TRUE),AND(M51=TRUE,N51=TRUE))),"CONDICIONADO", IF(AND(TODAY()<K51,O51=FALSE,M51=TRUE,N51=FALSE),"FAVORABLE", IF(AND(OR(TODAY()<K51,K51=""),O51=FALSE,M51=FALSE,N51=FALSE),"ERROR","-"))))))) -> - | Q51: =REPT("██",IF(P51="Favorable",1,IF(P51="Condicionado",2,IF(P51="PTE.",3,IF(P51="desfavorable",4,"0"))))) | U51: RD 865/2003 - Articulo 8. Programas de mantenimiento en las instalaciones (pag 4-5) y Artiulo 2.2. Clasificación de instalaciones
A52: 42 | E52: LEGIONELA. Inst. PCI | F52: Cert. L+D | G52: 1 | K52: =IF(OR(J52="-",J52="")," ",IF(ISNUMBER(G52),J52+(365*G52),IF(G52="Mensual",J52+30,IF(G52="Trimestral",J52+91,IF(G52="Semestral",J52+182,IF(G52="Diario",J52+1,J52+365)))))) | M52: FALSE | N52: FALSE | O52: FALSE | P52: =IF(AND(OR(K52="",K52=" "),OR(M52=TRUE,N52=TRUE,O52=TRUE)),"ERROR", IF(OR(K52="",K52=" "),"-", IF(AND(TODAY()>K52,K52<>""),"PTE.", IF(AND(TODAY()<K52,O52=TRUE),"DESFAVORABLE", IF(AND(TODAY()<K52,O52=FALSE,OR(AND(M52=FALSE,N52=TRUE),AND(M52=TRUE,N52=TRUE))),"CONDICIONADO", IF(AND(TODAY()<K52,O52=FALSE,M52=TRUE,N52=FALSE),"FAVORABLE", IF(AND(OR(TODAY()<K52,K52=""),O52=FALSE,M52=FALSE,N52=FALSE),"ERROR","-"))))))) -> - | Q52: =REPT("██",IF(P52="Favorable",1,IF(P52="Condicionado",2,IF(P52="PTE.",3,IF(P52="desfavorable",4,"0")))))
A53: 43 | E53: LEGIONELA. Inst. PCI | F53: Analiticas | G53: 1 | K53: =IF(OR(J53="-",J53="")," ",IF(ISNUMBER(G53),J53+(365*G53),IF(G53="Mensual",J53+30,IF(G53="Trimestral",J53+91,IF(G53="Semestral",J53+182,IF(G53="Diario",J53+1,J53+365)))))) | M53: FALSE | N53: FALSE | O53: FALSE | P53: =IF(AND(OR(K53="",K53=" "),OR(M53=TRUE,N53=TRUE,O53=TRUE)),"ERROR", IF(OR(K53="",K53=" "),"-", IF(AND(TODAY()>K53,K53<>""),"PTE.", IF(AND(TODAY()<K53,O53=TRUE),"DESFAVORABLE", IF(AND(TODAY()<K53,O53=FALSE,OR(AND(M53=FALSE,N53=TRUE),AND(M53=TRUE,N53=TRUE))),"CONDICIONADO", IF(AND(TODAY()<K53,O53=FALSE,M53=TRUE,N53=FALSE),"FAVORABLE", IF(AND(OR(TODAY()<K53,K53=""),O53=FALSE,M53=FALSE,N53=FALSE),"ERROR","-"))))))) -> - | Q53: =REPT("██",IF(P53="Favorable",1,IF(P53="Condicionado",2,IF(P53="PTE.",3,IF(P53="desfavorable",4,"0")))))
A54: 44 | D54: 5.3 | E54: LEGIONELA. P. terminales (Pot.) | F54: Analiticas | G54: 1 | K54: =IF(OR(J54="-",J54="")," ",IF(ISNUMBER(G54),J54+(365*G54),IF(G54="Mensual",J54+30,IF(G54="Trimestral",J54+91,IF(G54="Semestral",J54+182,IF(G54="Diario",J54+1,J54+365)))))) | M54: FALSE | N54: FALSE | O54: FALSE | P54: =IF(AND(OR(K54="",K54=" "),OR(M54=TRUE,N54=TRUE,O54=TRUE)),"ERROR", IF(OR(K54="",K54=" "),"-", IF(AND(TODAY()>K54,K54<>""),"PTE.", IF(AND(TODAY()<K54,O54=TRUE),"DESFAVORABLE", IF(AND(TODAY()<K54,O54=FALSE,OR(AND(M54=FALSE,N54=TRUE),AND(M54=TRUE,N54=TRUE))),"CONDICIONADO", IF(AND(TODAY()<K54,O54=FALSE,M54=TRUE,N54=FALSE),"FAVORABLE", IF(AND(OR(TODAY()<K54,K54=""),O54=FALSE,M54=FALSE,N54=FALSE),"ERROR","-"))))))) -> - | Q54: =REPT("██",IF(P54="Favorable",1,IF(P54="Condicionado",2,IF(P54="PTE.",3,IF(P54="desfavorable",4,"0"))))) | U54: (RD140/2003 - Criterios sanitarios de la calidad del agua de consumo humano) - Anexo 5. Numero minimo de muestras para las aguas de consumo humano sumnistradas a a traves de una red de distribución (pag 32)
A55: 45 | D55: 5.4 | E55: LEGIONELA. T. Refrig. y cond. Evap. | F55: Cert. L+D | G55: Semestral | K55: =IF(OR(J55="-",J55="")," ",IF(ISNUMBER(G55),J55+(365*G55),IF(G55="Mensual",J55+30,IF(G55="Trimestral",J55+91,IF(G55="Semestral",J55+182,IF(G55="Diario",J55+1,J55+365)))))) | M55: FALSE | N55: FALSE | O55: FALSE | P55: =IF(AND(OR(K55="",K55=" "),OR(M55=TRUE,N55=TRUE,O55=TRUE)),"ERROR", IF(OR(K55="",K55=" "),"-", IF(AND(TODAY()>K55,K55<>""),"PTE.", IF(AND(TODAY()<K55,O55=TRUE),"DESFAVORABLE", IF(AND(TODAY()<K55,O55=FALSE,OR(AND(M55=FALSE,N55=TRUE),AND(M55=TRUE,N55=TRUE))),"CONDICIONADO", IF(AND(TODAY()<K55,O55=FALSE,M55=TRUE,N55=FALSE),"FAVORABLE", IF(AND(OR(TODAY()<K55,K55=""),O55=FALSE,M55=FALSE,N55=FALSE),"ERROR","-"))))))) -> - | Q55: =REPT("██",IF(P55="Favorable",1,IF(P55="Condicionado",2,IF(P55="PTE.",3,IF(P55="desfavorable",4,"0"))))) | U55: (RD 487/2022 Criterios higienico-sanitarios para la prevencion y control de la legionelosis) Anexo 4. Mantenimiento de torres de refrigeración y condensadores evaporativos (pag 13)
A56: 46 | E56: LEGIONELA. T. Refrig. y cond. Evap. | F56: Analiticas Legionela | G56: Trimestral | K56: =IF(OR(J56="-",J56="")," ",IF(ISNUMBER(G56),J56+(365*G56),IF(G56="Mensual",J56+30,IF(G56="Trimestral",J56+91,IF(G56="Semestral",J56+182,IF(G56="Diario",J56+1,J56+365)))))) | M56: FALSE | N56: FALSE | O56: FALSE | P56: =IF(AND(OR(K56="",K56=" "),OR(M56=TRUE,N56=TRUE,O56=TRUE)),"ERROR", IF(OR(K56="",K56=" "),"-", IF(AND(TODAY()>K56,K56<>""),"PTE.", IF(AND(TODAY()<K56,O56=TRUE),"DESFAVORABLE", IF(AND(TODAY()<K56,O56=FALSE,OR(AND(M56=FALSE,N56=TRUE),AND(M56=TRUE,N56=TRUE))),"CONDICIONADO", IF(AND(TODAY()<K56,O56=FALSE,M56=TRUE,N56=FALSE),"FAVORABLE", IF(AND(OR(TODAY()<K56,K56=""),O56=FALSE,M56=FALSE,N56=FALSE),"ERROR","-"))))))) -> - | Q56: =REPT("██",IF(P56="Favorable",1,IF(P56="Condicionado",2,IF(P56="PTE.",3,IF(P56="desfavorable",4,"0")))))
A57: 47 | E57: LEGIONELA. T. Refrig. y cond. Evap. | F57: Analiticas FQ | G57: Mensual | K57: =IF(OR(J57="-",J57="")," ",IF(ISNUMBER(G57),J57+(365*G57),IF(G57="Mensual",J57+30,IF(G57="Trimestral",J57+91,IF(G57="Semestral",J57+182,IF(G57="Diario",J57+1,J57+365)))))) | M57: FALSE | N57: FALSE | O57: FALSE | P57: =IF(AND(OR(K57="",K57=" "),OR(M57=TRUE,N57=TRUE,O57=TRUE)),"ERROR", IF(OR(K57="",K57=" "),"-", IF(AND(TODAY()>K57,K57<>""),"PTE.", IF(AND(TODAY()<K57,O57=TRUE),"DESFAVORABLE", IF(AND(TODAY()<K57,O57=FALSE,OR(AND(M57=FALSE,N57=TRUE),AND(M57=TRUE,N57=TRUE))),"CONDICIONADO", IF(AND(TODAY()<K57,O57=FALSE,M57=TRUE,N57=FALSE),"FAVORABLE", IF(AND(OR(TODAY()<K57,K57=""),O57=FALSE,M57=FALSE,N57=FALSE),"ERROR","-"))))))) -> - | Q57: =REPT("██",IF(P57="Favorable",1,IF(P57="Condicionado",2,IF(P57="PTE.",3,IF(P57="desfavorable",4,"0")))))
A58: 48 | E58: LEGIONELA. T. Refrig. y cond. Evap. | F58: Analiticas Aerobios | G58: Mensual | K58: =IF(OR(J58="-",J58="")," ",IF(ISNUMBER(G58),J58+(365*G58),IF(G58="Mensual",J58+30,IF(G58="Trimestral",J58+91,IF(G58="Semestral",J58+182,IF(G58="Diario",J58+1,J58+365)))))) | M58: FALSE | N58: FALSE | O58: FALSE | P58: =IF(AND(OR(K58="",K58=" "),OR(M58=TRUE,N58=TRUE,O58=TRUE)),"ERROR", IF(OR(K58="",K58=" "),"-", IF(AND(TODAY()>K58,K58<>""),"PTE.", IF(AND(TODAY()<K58,O58=TRUE),"DESFAVORABLE", IF(AND(TODAY()<K58,O58=FALSE,OR(AND(M58=FALSE,N58=TRUE),AND(M58=TRUE,N58=TRUE))),"CONDICIONADO", IF(AND(TODAY()<K58,O58=FALSE,M58=TRUE,N58=FALSE),"FAVORABLE", IF(AND(OR(TODAY()<K58,K58=""),O58=FALSE,M58=FALSE,N58=FALSE),"ERROR","-"))))))) -> - | Q58: =REPT("██",IF(P58="Favorable",1,IF(P58="Condicionado",2,IF(P58="PTE.",3,IF(P58="desfavorable",4,"0")))))
A59: 49 | E59: LEGIONELA. T. Refrig. y cond. Evap. | F59: Revision | G59: Diario | K59: =IF(OR(J59="-",J59="")," ",IF(ISNUMBER(G59),J59+(365*G59),IF(G59="Mensual",J59+30,IF(G59="Trimestral",J59+91,IF(G59="Semestral",J59+182,IF(G59="Diario",J59+1,J59+365)))))) | M59: FALSE | N59: FALSE | O59: FALSE | P59: =IF(AND(OR(K59="",K59=" "),OR(M59=TRUE,N59=TRUE,O59=TRUE)),"ERROR", IF(OR(K59="",K59=" "),"-", IF(AND(TODAY()>K59,K59<>""),"PTE.", IF(AND(TODAY()<K59,O59=TRUE),"DESFAVORABLE", IF(AND(TODAY()<K59,O59=FALSE,OR(AND(M59=FALSE,N59=TRUE),AND(M59=TRUE,N59=TRUE))),"CONDICIONADO", IF(AND(TODAY()<K59,O59=FALSE,M59=TRUE,N59=FALSE),"FAVORABLE", IF(AND(OR(TODAY()<K59,K59=""),O59=FALSE,M59=FALSE,N59=FALSE),"ERROR","-"))))))) -> - | Q59: =REPT("██",IF(P59="Favorable",1,IF(P59="Condicionado",2,IF(P59="PTE.",3,IF(P59="desfavorable",4,"0")))))
A60: 50 | B60: 6 | C60: FONTANERÍA | D60: 6 | E60: Inst. fontanería y G. Presión | F60: Revision | G60: 1 | K60: =IF(OR(J60="-",J60="")," ",IF(ISNUMBER(G60),J60+(365*G60),IF(G60="Mensual",J60+30,IF(G60="Trimestral",J60+91,IF(G60="Semestral",J60+182,IF(G60="Diario",J60+1,J60+365)))))) | M60: FALSE | N60: FALSE | O60: FALSE | P60: =IF(AND(OR(K60="",K60=" "),OR(M60=TRUE,N60=TRUE,O60=TRUE)),"ERROR", IF(OR(K60="",K60=" "),"-", IF(AND(TODAY()>K60,K60<>""),"PTE.", IF(AND(TODAY()<K60,O60=TRUE),"DESFAVORABLE", IF(AND(TODAY()<K60,O60=FALSE,OR(AND(M60=FALSE,N60=TRUE),AND(M60=TRUE,N60=TRUE))),"CONDICIONADO", IF(AND(TODAY()<K60,O60=FALSE,M60=TRUE,N60=FALSE),"FAVORABLE", IF(AND(OR(TODAY()<K60,K60=""),O60=FALSE,M60=FALSE,N60=FALSE),"ERROR","-"))))))) -> - | Q60: =REPT("██",IF(P60="Favorable",1,IF(P60="Condicionado",2,IF(P60="PTE.",3,IF(P60="desfavorable",4,"0"))))) | U60: CTE
A61: 51 | B61: 7 | C61: CLIMATIZACION | D61: 7.1 | E61: CLIMA. Calef. y Agua caliente | F61: Revision | G61: 1 | K61: =IF(OR(J61="-",J61="")," ",IF(ISNUMBER(G61),J61+(365*G61),IF(G61="Mensual",J61+30,IF(G61="Trimestral",J61+91,IF(G61="Semestral",J61+182,IF(G61="Diario",J61+1,J61+365)))))) | M61: FALSE | N61: FALSE | O61: FALSE | P61: =IF(AND(OR(K61="",K61=" "),OR(M61=TRUE,N61=TRUE,O61=TRUE)),"ERROR", IF(OR(K61="",K61=" "),"-", IF(AND(TODAY()>K61,K61<>""),"PTE.", IF(AND(TODAY()<K61,O61=TRUE),"DESFAVORABLE", IF(AND(TODAY()<K61,O61=FALSE,OR(AND(M61=FALSE,N61=TRUE),AND(M61=TRUE,N61=TRUE))),"CONDICIONADO", IF(AND(TODAY()<K61,O61=FALSE,M61=TRUE,N61=FALSE),"FAVORABLE", IF(AND(OR(TODAY()<K61,K61=""),O61=FALSE,M61=FALSE,N61=FALSE),"ERROR","-"))))))) -> - | Q61: =REPT("██",IF(P61="Favorable",1,IF(P61="Condicionado",2,IF(P61="PTE.",3,IF(P61="desfavorable",4,"0"))))) | U61: (RD 1027/2007 y RD 238/2013 - RITE) RITE IT.3. Mantenimiento y uso (pag 107)
A62: 52 | D62: 7.2 | E62: CLIMA. Sistemas A.A. | F62: Revision | G62: 1 | K62: =IF(OR(J62="-",J62="")," ",IF(ISNUMBER(G62),J62+(365*G62),IF(G62="Mensual",J62+30,IF(G62="Trimestral",J62+91,IF(G62="Semestral",J62+182,IF(G62="Diario",J62+1,J62+365)))))) | M62: FALSE | N62: FALSE | O62: FALSE | P62: =IF(AND(OR(K62="",K62=" "),OR(M62=TRUE,N62=TRUE,O62=TRUE)),"ERROR", IF(OR(K62="",K62=" "),"-", IF(AND(TODAY()>K62,K62<>""),"PTE.", IF(AND(TODAY()<K62,O62=TRUE),"DESFAVORABLE", IF(AND(TODAY()<K62,O62=FALSE,OR(AND(M62=FALSE,N62=TRUE),AND(M62=TRUE,N62=TRUE))),"CONDICIONADO", IF(AND(TODAY()<K62,O62=FALSE,M62=TRUE,N62=FALSE),"FAVORABLE", IF(AND(OR(TODAY()<K62,K62=""),O62=FALSE,M62=FALSE,N62=FALSE),"ERROR","-"))))))) -> - | Q62: =REPT("██",IF(P62="Favorable",1,IF(P62="Condicionado",2,IF(P62="PTE.",3,IF(P62="desfavorable",4,"0")))))
A63: 53 | D63: 7.3 | E63: CLIMA. Inst. Energ. A.A. | F63: OCA (P util>12 kW) | G63: 4 | K63: =IF(OR(J63="-",J63="")," ",IF(ISNUMBER(G63),J63+(365*G63),IF(G63="Mensual",J63+30,IF(G63="Trimestral",J63+91,IF(G63="Semestral",J63+182,IF(G63="Diario",J63+1,J63+365)))))) | M63: FALSE | N63: FALSE | O63: FALSE | P63: =IF(AND(OR(K63="",K63=" "),OR(M63=TRUE,N63=TRUE,O63=TRUE)),"ERROR", IF(OR(K63="",K63=" "),"-", IF(AND(TODAY()>K63,K63<>""),"PTE.", IF(AND(TODAY()<K63,O63=TRUE),"DESFAVORABLE", IF(AND(TODAY()<K63,O63=FALSE,OR(AND(M63=FALSE,N63=TRUE),AND(M63=TRUE,N63=TRUE))),"CONDICIONADO", IF(AND(TODAY()<K63,O63=FALSE,M63=TRUE,N63=FALSE),"FAVORABLE", IF(AND(OR(TODAY()<K63,K63=""),O63=FALSE,M63=FALSE,N63=FALSE),"ERROR","-"))))))) -> - | Q63: =REPT("██",IF(P63="Favorable",1,IF(P63="Condicionado",2,IF(P63="PTE.",3,IF(P63="desfavorable",4,"0"))))) | U63: RD 1027/2007
A64: 54 | D64: 7.4 | E64: CLIMA. Inst. Energ. Calef. y ACS | F64: OCA (20≤P util≤70 kW) | G64: 4 | K64: =IF(OR(J64="-",J64="")," ",IF(ISNUMBER(G64),J64+(365*G64),IF(G64="Mensual",J64+30,IF(G64="Trimestral",J64+91,IF(G64="Semestral",J64+182,IF(G64="Diario",J64+1,J64+365)))))) | M64: FALSE | N64: FALSE | O64: FALSE | P64: =IF(AND(OR(K64="",K64=" "),OR(M64=TRUE,N64=TRUE,O64=TRUE)),"ERROR", IF(OR(K64="",K64=" "),"-", IF(AND(TODAY()>K64,K64<>""),"PTE.", IF(AND(TODAY()<K64,O64=TRUE),"DESFAVORABLE", IF(AND(TODAY()<K64,O64=FALSE,OR(AND(M64=FALSE,N64=TRUE),AND(M64=TRUE,N64=TRUE))),"CONDICIONADO", IF(AND(TODAY()<K64,O64=FALSE,M64=TRUE,N64=FALSE),"FAVORABLE", IF(AND(OR(TODAY()<K64,K64=""),O64=FALSE,M64=FALSE,N64=FALSE),"ERROR","-"))))))) -> - | Q64: =REPT("██",IF(P64="Favorable",1,IF(P64="Condicionado",2,IF(P64="PTE.",3,IF(P64="desfavorable",4,"0"))))) | U64: (RD 1027/2007 y RD 238/2013 - RITE) (
A65: 55 | E65: CLIMA. Inst. Energ. Calef. y ACS | F65: OCA (P util>70 kW) gases | G65: 4 | K65: =IF(OR(J65="-",J65="")," ",IF(ISNUMBER(G65),J65+(365*G65),IF(G65="Mensual",J65+30,IF(G65="Trimestral",J65+91,IF(G65="Semestral",J65+182,IF(G65="Diario",J65+1,J65+365)))))) | M65: FALSE | N65: FALSE | O65: FALSE | P65: =IF(AND(OR(K65="",K65=" "),OR(M65=TRUE,N65=TRUE,O65=TRUE)),"ERROR", IF(OR(K65="",K65=" "),"-", IF(AND(TODAY()>K65,K65<>""),"PTE.", IF(AND(TODAY()<K65,O65=TRUE),"DESFAVORABLE", IF(AND(TODAY()<K65,O65=FALSE,OR(AND(M65=FALSE,N65=TRUE),AND(M65=TRUE,N65=TRUE))),"CONDICIONADO", IF(AND(TODAY()<K65,O65=FALSE,M65=TRUE,N65=FALSE),"FAVORABLE", IF(AND(OR(TODAY()<K65,K65=""),O65=FALSE,M65=FALSE,N65=FALSE),"ERROR","-"))))))) -> - | Q65: =REPT("██",IF(P65="Favorable",1,IF(P65="Condicionado",2,IF(P65="PTE.",3,IF(P65="desfavorable",4,"0")))))
A66: 56 | E66: CLIMA. Inst. Energ. Calef. y ACS | F66: OCA (P util>70 kW) otras | G66: 2 | K66: =IF(OR(J66="-",J66="")," ",IF(ISNUMBER(G66),J66+(365*G66),IF(G66="Mensual",J66+30,IF(G66="Trimestral",J66+91,IF(G66="Semestral",J66+182,IF(G66="Diario",J66+1,J66+365)))))) | M66: FALSE | N66: FALSE | O66: FALSE | P66: =IF(AND(OR(K66="",K66=" "),OR(M66=TRUE,N66=TRUE,O66=TRUE)),"ERROR", IF(OR(K66="",K66=" "),"-", IF(AND(TODAY()>K66,K66<>""),"PTE.", IF(AND(TODAY()<K66,O66=TRUE),"DESFAVORABLE", IF(AND(TODAY()<K66,O66=FALSE,OR(AND(M66=FALSE,N66=TRUE),AND(M66=TRUE,N66=TRUE))),"CONDICIONADO", IF(AND(TODAY()<K66,O66=FALSE,M66=TRUE,N66=FALSE),"FAVORABLE", IF(AND(OR(TODAY()<K66,K66=""),O66=FALSE,M66=FALSE,N66=FALSE),"ERROR","-"))))))) -> - | Q66: =REPT("██",IF(P66="Favorable",1,IF(P66="Condicionado",2,IF(P66="PTE.",3,IF(P66="desfavorable",4,"0"))))) | U66: RITE IT.4.3 Periodicidad de las inspección de eficiencia energética
A67: 57 | D67: 7.5 | E67: CLIMA. CAI Clim. y cond. | F67: Revision | G67: 1 | K67: =IF(OR(J67="-",J67="")," ",IF(ISNUMBER(G67),J67+(365*G67),IF(G67="Mensual",J67+30,IF(G67="Trimestral",J67+91,IF(G67="Semestral",J67+182,IF(G67="Diario",J67+1,J67+365)))))) | M67: FALSE | N67: FALSE | O67: FALSE | P67: =IF(AND(OR(K67="",K67=" "),OR(M67=TRUE,N67=TRUE,O67=TRUE)),"ERROR", IF(OR(K67="",K67=" "),"-", IF(AND(TODAY()>K67,K67<>""),"PTE.", IF(AND(TODAY()<K67,O67=TRUE),"DESFAVORABLE", IF(AND(TODAY()<K67,O67=FALSE,OR(AND(M67=FALSE,N67=TRUE),AND(M67=TRUE,N67=TRUE))),"CONDICIONADO", IF(AND(TODAY()<K67,O67=FALSE,M67=TRUE,N67=FALSE),"FAVORABLE", IF(AND(OR(TODAY()<K67,K67=""),O67=FALSE,M67=FALSE,N67=FALSE),"ERROR","-"))))))) -> - | Q67: =REPT("██",IF(P67="Favorable",1,IF(P67="Condicionado",2,IF(P67="PTE.",3,IF(P67="desfavorable",4,"0"))))) | U67: (RD 238/2013 - RITE - Norma 171330-2:2008 de Calidad de ambientes Interiores)
A68: 58 | D68: 7.6 | E68: CLIMA. Inst. Termica Completa | F68: OCA (P>70 kW) | G68: 15 | K68: =IF(OR(J68="-",J68="")," ",IF(ISNUMBER(G68),J68+(365*G68),IF(G68="Mensual",J68+30,IF(G68="Trimestral",J68+91,IF(G68="Semestral",J68+182,IF(G68="Diario",J68+1,J68+365)))))) | M68: FALSE | N68: FALSE | O68: FALSE | P68: =IF(AND(OR(K68="",K68=" "),OR(M68=TRUE,N68=TRUE,O68=TRUE)),"ERROR", IF(OR(K68="",K68=" "),"-", IF(AND(TODAY()>K68,K68<>""),"PTE.", IF(AND(TODAY()<K68,O68=TRUE),"DESFAVORABLE", IF(AND(TODAY()<K68,O68=FALSE,OR(AND(M68=FALSE,N68=TRUE),AND(M68=TRUE,N68=TRUE))),"CONDICIONADO", IF(AND(TODAY()<K68,O68=FALSE,M68=TRUE,N68=FALSE),"FAVORABLE", IF(AND(OR(TODAY()<K68,K68=""),O68=FALSE,M68=FALSE,N68=FALSE),"ERROR","-"))))))) -> - | Q68: =REPT("██",IF(P68="Favorable",1,IF(P68="Condicionado",2,IF(P68="PTE.",3,IF(P68="desfavorable",4,"0"))))) | U68: RITE IT.4.3 Periodicidad de las inspección de eficiencia energética
A69: 59 | B69: 8 | C69: GAS | D69: 8 | E69: GAS. Inst. receptora de gas | F69: Cert. Favorable de rev. | G69: 1 | K69: =IF(OR(J69="-",J69="")," ",IF(ISNUMBER(G69),J69+(365*G69),IF(G69="Mensual",J69+30,IF(G69="Trimestral",J69+91,IF(G69="Semestral",J69+182,IF(G69="Diario",J69+1,J69+365)))))) | M69: FALSE | N69: FALSE | O69: FALSE | P69: =IF(AND(OR(K69="",K69=" "),OR(M69=TRUE,N69=TRUE,O69=TRUE)),"ERROR", IF(OR(K69="",K69=" "),"-", IF(AND(TODAY()>K69,K69<>""),"PTE.", IF(AND(TODAY()<K69,O69=TRUE),"DESFAVORABLE", IF(AND(TODAY()<K69,O69=FALSE,OR(AND(M69=FALSE,N69=TRUE),AND(M69=TRUE,N69=TRUE))),"CONDICIONADO", IF(AND(TODAY()<K69,O69=FALSE,M69=TRUE,N69=FALSE),"FAVORABLE", IF(AND(OR(TODAY()<K69,K69=""),O69=FALSE,M69=FALSE,N69=FALSE),"ERROR","-"))))))) -> - | Q69: =REPT("██",IF(P69="Favorable",1,IF(P69="Condicionado",2,IF(P69="PTE.",3,IF(P69="desfavorable",4,"0")))))
A70: 60 | B70: 9 | C70: G. ELECTROGENO | D70: 9 | E70: Grupo Electrógeno | F70: Revision | G70: 1 | K70: =IF(OR(J70="-",J70="")," ",IF(ISNUMBER(G70),J70+(365*G70),IF(G70="Mensual",J70+30,IF(G70="Trimestral",J70+91,IF(G70="Semestral",J70+182,IF(G70="Diario",J70+1,J70+365)))))) | M70: FALSE | N70: FALSE | O70: FALSE | P70: =IF(AND(OR(K70="",K70=" "),OR(M70=TRUE,N70=TRUE,O70=TRUE)),"ERROR", IF(OR(K70="",K70=" "),"-", IF(AND(TODAY()>K70,K70<>""),"PTE.", IF(AND(TODAY()<K70,O70=TRUE),"DESFAVORABLE", IF(AND(TODAY()<K70,O70=FALSE,OR(AND(M70=FALSE,N70=TRUE),AND(M70=TRUE,N70=TRUE))),"CONDICIONADO", IF(AND(TODAY()<K70,O70=FALSE,M70=TRUE,N70=FALSE),"FAVORABLE", IF(AND(OR(TODAY()<K70,K70=""),O70=FALSE,M70=FALSE,N70=FALSE),"ERROR","-"))))))) -> - | Q70: =REPT("██",IF(P70="Favorable",1,IF(P70="Condicionado",2,IF(P70="PTE.",3,IF(P70="desfavorable",4,"0"))))) | U70: RD 984/2015
A71: 61 | B71: 10 | C71: SAIs | D71: 10 | E71: SAIs | F71: Revision | G71: 1 | K71: =IF(OR(J71="-",J71="")," ",IF(ISNUMBER(G71),J71+(365*G71),IF(G71="Mensual",J71+30,IF(G71="Trimestral",J71+91,IF(G71="Semestral",J71+182,IF(G71="Diario",J71+1,J71+365)))))) | M71: FALSE | N71: FALSE | O71: FALSE | P71: =IF(AND(OR(K71="",K71=" "),OR(M71=TRUE,N71=TRUE,O71=TRUE)),"ERROR", IF(OR(K71="",K71=" "),"-", IF(AND(TODAY()>K71,K71<>""),"PTE.", IF(AND(TODAY()<K71,O71=TRUE),"DESFAVORABLE", IF(AND(TODAY()<K71,O71=FALSE,OR(AND(M71=FALSE,N71=TRUE),AND(M71=TRUE,N71=TRUE))),"CONDICIONADO", IF(AND(TODAY()<K71,O71=FALSE,M71=TRUE,N71=FALSE),"FAVORABLE", IF(AND(OR(TODAY()<K71,K71=""),O71=FALSE,M71=FALSE,N71=FALSE),"ERROR","-"))))))) -> - | Q71: =REPT("██",IF(P71="Favorable",1,IF(P71="Condicionado",2,IF(P71="PTE.",3,IF(P71="desfavorable",4,"0")))))
A72: 62 | B72: 11 | C72: L. VIDA Y ANCLAJES | D72: 11 | E72: L. Vida y Anclajes | F72: Parte de trabajo | G72: 1 | K72: =IF(OR(J72="-",J72="")," ",IF(ISNUMBER(G72),J72+(365*G72),IF(G72="Mensual",J72+30,IF(G72="Trimestral",J72+91,IF(G72="Semestral",J72+182,IF(G72="Diario",J72+1,J72+365)))))) | M72: FALSE | N72: FALSE | O72: FALSE | P72: =IF(AND(OR(K72="",K72=" "),OR(M72=TRUE,N72=TRUE,O72=TRUE)),"ERROR", IF(OR(K72="",K72=" "),"-", IF(AND(TODAY()>K72,K72<>""),"PTE.", IF(AND(TODAY()<K72,O72=TRUE),"DESFAVORABLE", IF(AND(TODAY()<K72,O72=FALSE,OR(AND(M72=FALSE,N72=TRUE),AND(M72=TRUE,N72=TRUE))),"CONDICIONADO", IF(AND(TODAY()<K72,O72=FALSE,M72=TRUE,N72=FALSE),"FAVORABLE", IF(AND(OR(TODAY()<K72,K72=""),O72=FALSE,M72=FALSE,N72=FALSE),"ERROR","-"))))))) -> - | Q72: =REPT("██",IF(P72="Favorable",1,IF(P72="Condicionado",2,IF(P72="PTE.",3,IF(P72="desfavorable",4,"0"))))) | U72: (UNE-EN 365:2005 - Equipos proteccion individual contra las caidas de altura)
A73: 63 | B73: 12 | C73: BMS | D73: 12 | E73: BMS. Instalación de control | F73: Parte de trabajo | G73: 1 | K73: =IF(OR(J73="-",J73="")," ",IF(ISNUMBER(G73),J73+(365*G73),IF(G73="Mensual",J73+30,IF(G73="Trimestral",J73+91,IF(G73="Semestral",J73+182,IF(G73="Diario",J73+1,J73+365)))))) | M73: FALSE | N73: FALSE | O73: FALSE | P73: =IF(AND(OR(K73="",K73=" "),OR(M73=TRUE,N73=TRUE,O73=TRUE)),"ERROR", IF(OR(K73="",K73=" "),"-", IF(AND(TODAY()>K73,K73<>""),"PTE.", IF(AND(TODAY()<K73,O73=TRUE),"DESFAVORABLE", IF(AND(TODAY()<K73,O73=FALSE,OR(AND(M73=FALSE,N73=TRUE),AND(M73=TRUE,N73=TRUE))),"CONDICIONADO", IF(AND(TODAY()<K73,O73=FALSE,M73=TRUE,N73=FALSE),"FAVORABLE", IF(AND(OR(TODAY()<K73,K73=""),O73=FALSE,M73=FALSE,N73=FALSE),"ERROR","-"))))))) -> - | Q73: =REPT("██",IF(P73="Favorable",1,IF(P73="Condicionado",2,IF(P73="PTE.",3,IF(P73="desfavorable",4,"0")))))
A74: 64 | B74: 13 | C74: PUERTAS AUT. | D74: 13 | E74: Puertas man. y aut. | F74: Revision | G74: Semestral | K74: =IF(OR(J74="-",J74="")," ",IF(ISNUMBER(G74),J74+(365*G74),IF(G74="Mensual",J74+30,IF(G74="Trimestral",J74+91,IF(G74="Semestral",J74+182,IF(G74="Diario",J74+1,J74+365)))))) | M74: FALSE | N74: FALSE | O74: FALSE | P74: =IF(AND(OR(K74="",K74=" "),OR(M74=TRUE,N74=TRUE,O74=TRUE)),"ERROR", IF(OR(K74="",K74=" "),"-", IF(AND(TODAY()>K74,K74<>""),"PTE.", IF(AND(TODAY()<K74,O74=TRUE),"DESFAVORABLE", IF(AND(TODAY()<K74,O74=FALSE,OR(AND(M74=FALSE,N74=TRUE),AND(M74=TRUE,N74=TRUE))),"CONDICIONADO", IF(AND(TODAY()<K74,O74=FALSE,M74=TRUE,N74=FALSE),"FAVORABLE", IF(AND(OR(TODAY()<K74,K74=""),O74=FALSE,M74=FALSE,N74=FALSE),"ERROR","-"))))))) -> - | Q74: =REPT("██",IF(P74="Favorable",1,IF(P74="Condicionado",2,IF(P74="PTE.",3,IF(P74="desfavorable",4,"0"))))) | U74: (CTE y UNE-EN 12635:2002+A1:2009)
A75: 65 | B75: 14 | C75: ITE | D75: 14 | E75: ITE. Estruct., fachada, saneamiento | F75: Revision si >30 años | G75: 10 | K75: =IF(OR(J75="-",J75="")," ",IF(ISNUMBER(G75),J75+(365*G75),IF(G75="Mensual",J75+30,IF(G75="Trimestral",J75+91,IF(G75="Semestral",J75+182,IF(G75="Diario",J75+1,J75+365)))))) | M75: FALSE | N75: FALSE | O75: FALSE | P75: =IF(AND(OR(K75="",K75=" "),OR(M75=TRUE,N75=TRUE,O75=TRUE)),"ERROR", IF(OR(K75="",K75=" "),"-", IF(AND(TODAY()>K75,K75<>""),"PTE.", IF(AND(TODAY()<K75,O75=TRUE),"DESFAVORABLE", IF(AND(TODAY()<K75,O75=FALSE,OR(AND(M75=FALSE,N75=TRUE),AND(M75=TRUE,N75=TRUE))),"CONDICIONADO", IF(AND(TODAY()<K75,O75=FALSE,M75=TRUE,N75=FALSE),"FAVORABLE", IF(AND(OR(TODAY()<K75,K75=""),O75=FALSE,M75=FALSE,N75=FALSE),"ERROR","-"))))))) -> - | Q75: =REPT("██",IF(P75="Favorable",1,IF(P75="Condicionado",2,IF(P75="PTE.",3,IF(P75="desfavorable",4,"0"))))) | U75: CTE
A76: 66 | B76: 15 | C76: INST. PETROLÍFERAS | D76: 15 | E76: DEP. PETROLIEFERS. (sup. y ent.) | F76: OCA Enterrados Lleno | G76: 5 | K76: =IF(OR(J76="-",J76="")," ",IF(ISNUMBER(G76),J76+(365*G76),IF(G76="Mensual",J76+30,IF(G76="Trimestral",J76+91,IF(G76="Semestral",J76+182,IF(G76="Diario",J76+1,J76+365)))))) | M76: FALSE | N76: FALSE | O76: FALSE | P76: =IF(AND(OR(K76="",K76=" "),OR(M76=TRUE,N76=TRUE,O76=TRUE)),"ERROR", IF(OR(K76="",K76=" "),"-", IF(AND(TODAY()>K76,K76<>""),"PTE.", IF(AND(TODAY()<K76,O76=TRUE),"DESFAVORABLE", IF(AND(TODAY()<K76,O76=FALSE,OR(AND(M76=FALSE,N76=TRUE),AND(M76=TRUE,N76=TRUE))),"CONDICIONADO", IF(AND(TODAY()<K76,O76=FALSE,M76=TRUE,N76=FALSE),"FAVORABLE", IF(AND(OR(TODAY()<K76,K76=""),O76=FALSE,M76=FALSE,N76=FALSE),"ERROR","-"))))))) -> - | Q76: =REPT("██",IF(P76="Favorable",1,IF(P76="Condicionado",2,IF(P76="PTE.",3,IF(P76="desfavorable",4,"0"))))) | U76: RD 1523/99 - ITC MI IP-03. Capitulo X. Revisiones e inspecciones (pag 24)
A77: 67 | E77: DEP. PETROLIEFERS. (sup. y ent.) | F77: OCA Enterrados Vacios | G77: 10 | K77: =IF(OR(J77="-",J77="")," ",IF(ISNUMBER(G77),J77+(365*G77),IF(G77="Mensual",J77+30,IF(G77="Trimestral",J77+91,IF(G77="Semestral",J77+182,IF(G77="Diario",J77+1,J77+365)))))) | M77: FALSE | N77: FALSE | O77: FALSE | P77: =IF(AND(OR(K77="",K77=" "),OR(M77=TRUE,N77=TRUE,O77=TRUE)),"ERROR", IF(OR(K77="",K77=" "),"-", IF(AND(TODAY()>K77,K77<>""),"PTE.", IF(AND(TODAY()<K77,O77=TRUE),"DESFAVORABLE", IF(AND(TODAY()<K77,O77=FALSE,OR(AND(M77=FALSE,N77=TRUE),AND(M77=TRUE,N77=TRUE))),"CONDICIONADO", IF(AND(TODAY()<K77,O77=FALSE,M77=TRUE,N77=FALSE),"FAVORABLE", IF(AND(OR(TODAY()<K77,K77=""),O77=FALSE,M77=FALSE,N77=FALSE),"ERROR","-"))))))) -> - | Q77: =REPT("██",IF(P77="Favorable",1,IF(P77="Condicionado",2,IF(P77="PTE.",3,IF(P77="desfavorable",4,"0")))))
A78: 68 | E78: DEP. PETROLIEFERS. (sup. y ent.) | F78: OCA Superficie Proy. | G78: 5 | K78: =IF(OR(J78="-",J78="")," ",IF(ISNUMBER(G78),J78+(365*G78),IF(G78="Mensual",J78+30,IF(G78="Trimestral",J78+91,IF(G78="Semestral",J78+182,IF(G78="Diario",J78+1,J78+365)))))) | M78: FALSE | N78: FALSE | O78: FALSE | P78: =IF(AND(OR(K78="",K78=" "),OR(M78=TRUE,N78=TRUE,O78=TRUE)),"ERROR", IF(OR(K78="",K78=" "),"-", IF(AND(TODAY()>K78,K78<>""),"PTE.", IF(AND(TODAY()<K78,O78=TRUE),"DESFAVORABLE", IF(AND(TODAY()<K78,O78=FALSE,OR(AND(M78=FALSE,N78=TRUE),AND(M78=TRUE,N78=TRUE))),"CONDICIONADO", IF(AND(TODAY()<K78,O78=FALSE,M78=TRUE,N78=FALSE),"FAVORABLE", IF(AND(OR(TODAY()<K78,K78=""),O78=FALSE,M78=FALSE,N78=FALSE),"ERROR","-"))))))) -> - | Q78: =REPT("██",IF(P78="Favorable",1,IF(P78="Condicionado",2,IF(P78="PTE.",3,IF(P78="desfavorable",4,"0")))))
A79: 69 | E79: DEP. PETROLIEFERS. (sup. y ent.) | F79: OCA Superficie Sin Proy. | G79: 10 | K79: =IF(OR(J79="-",J79="")," ",IF(ISNUMBER(G79),J79+(365*G79),IF(G79="Mensual",J79+30,IF(G79="Trimestral",J79+91,IF(G79="Semestral",J79+182,IF(G79="Diario",J79+1,J79+365)))))) | M79: FALSE | N79: FALSE | O79: FALSE | P79: =IF(AND(OR(K79="",K79=" "),OR(M79=TRUE,N79=TRUE,O79=TRUE)),"ERROR", IF(OR(K79="",K79=" "),"-", IF(AND(TODAY()>K79,K79<>""),"PTE.", IF(AND(TODAY()<K79,O79=TRUE),"DESFAVORABLE", IF(AND(TODAY()<K79,O79=FALSE,OR(AND(M79=FALSE,N79=TRUE),AND(M79=TRUE,N79=TRUE))),"CONDICIONADO", IF(AND(TODAY()<K79,O79=FALSE,M79=TRUE,N79=FALSE),"FAVORABLE", IF(AND(OR(TODAY()<K79,K79=""),O79=FALSE,M79=FALSE,N79=FALSE),"ERROR","-"))))))) -> - | Q79: =REPT("██",IF(P79="Favorable",1,IF(P79="Condicionado",2,IF(P79="PTE.",3,IF(P79="desfavorable",4,"0")))))
A80: 70 | E80: DEP. PETROLIEFERS. (sup. y ent.) | F80: OCA Estanq. Tuberias | G80: 5 | K80: =IF(OR(J80="-",J80="")," ",IF(ISNUMBER(G80),J80+(365*G80),IF(G80="Mensual",J80+30,IF(G80="Trimestral",J80+91,IF(G80="Semestral",J80+182,IF(G80="Diario",J80+1,J80+365)))))) | M80: FALSE | N80: FALSE | O80: FALSE | P80: =IF(AND(OR(K80="",K80=" "),OR(M80=TRUE,N80=TRUE,O80=TRUE)),"ERROR", IF(OR(K80="",K80=" "),"-", IF(AND(TODAY()>K80,K80<>""),"PTE.", IF(AND(TODAY()<K80,O80=TRUE),"DESFAVORABLE", IF(AND(TODAY()<K80,O80=FALSE,OR(AND(M80=FALSE,N80=TRUE),AND(M80=TRUE,N80=TRUE))),"CONDICIONADO", IF(AND(TODAY()<K80,O80=FALSE,M80=TRUE,N80=FALSE),"FAVORABLE", IF(AND(OR(TODAY()<K80,K80=""),O80=FALSE,M80=FALSE,N80=FALSE),"ERROR","-"))))))) -> - | Q80: =REPT("██",IF(P80="Favorable",1,IF(P80="Condicionado",2,IF(P80="PTE.",3,IF(P80="desfavorable",4,"0")))))
A81: 71 | E81: DEP. PETROLIEFERS. (sup. y ent.) | F81: OCA Conjunto | G81: 10 | K81: =IF(OR(J81="-",J81="")," ",IF(ISNUMBER(G81),J81+(365*G81),IF(G81="Mensual",J81+30,IF(G81="Trimestral",J81+91,IF(G81="Semestral",J81+182,IF(G81="Diario",J81+1,J81+365)))))) | M81: FALSE | N81: FALSE | O81: FALSE | P81: =IF(AND(OR(K81="",K81=" "),OR(M81=TRUE,N81=TRUE,O81=TRUE)),"ERROR", IF(OR(K81="",K81=" "),"-", IF(AND(TODAY()>K81,K81<>""),"PTE.", IF(AND(TODAY()<K81,O81=TRUE),"DESFAVORABLE", IF(AND(TODAY()<K81,O81=FALSE,OR(AND(M81=FALSE,N81=TRUE),AND(M81=TRUE,N81=TRUE))),"CONDICIONADO", IF(AND(TODAY()<K81,O81=FALSE,M81=TRUE,N81=FALSE),"FAVORABLE", IF(AND(OR(TODAY()<K81,K81=""),O81=FALSE,M81=FALSE,N81=FALSE),"ERROR","-"))))))) -> - | Q81: =REPT("██",IF(P81="Favorable",1,IF(P81="Condicionado",2,IF(P81="PTE.",3,IF(P81="desfavorable",4,"0")))))
A82: 72 | B82: 16 | C82: Carg. eléctricos | D82: 16.1 | E82: Carg. Electricos | F82: Revision | G82: 1 | K82: =IF(OR(J82="-",J82="")," ",IF(ISNUMBER(G82),J82+(365*G82),IF(G82="Mensual",J82+30,IF(G82="Trimestral",J82+91,IF(G82="Semestral",J82+182,IF(G82="Diario",J82+1,J82+365)))))) | M82: FALSE | N82: FALSE | O82: FALSE | P82: =IF(AND(OR(K82="",K82=" "),OR(M82=TRUE,N82=TRUE,O82=TRUE)),"ERROR", IF(OR(K82="",K82=" "),"-", IF(AND(TODAY()>K82,K82<>""),"PTE.", IF(AND(TODAY()<K82,O82=TRUE),"DESFAVORABLE", IF(AND(TODAY()<K82,O82=FALSE,OR(AND(M82=FALSE,N82=TRUE),AND(M82=TRUE,N82=TRUE))),"CONDICIONADO", IF(AND(TODAY()<K82,O82=FALSE,M82=TRUE,N82=FALSE),"FAVORABLE", IF(AND(OR(TODAY()<K82,K82=""),O82=FALSE,M82=FALSE,N82=FALSE),"ERROR","-"))))))) -> - | Q82: =REPT("██",IF(P82="Favorable",1,IF(P82="Condicionado",2,IF(P82="PTE.",3,IF(P82="desfavorable",4,"0"))))) | U82: REBT. ITC BT 52
A83: 73 | D83: 16.2 | E83: Carg. Electricos | F83: Informe termografico | G83: 1 | K83: =IF(OR(J83="-",J83="")," ",IF(ISNUMBER(G83),J83+(365*G83),IF(G83="Mensual",J83+30,IF(G83="Trimestral",J83+91,IF(G83="Semestral",J83+182,IF(G83="Diario",J83+1,J83+365)))))) | M83: FALSE | N83: FALSE | O83: FALSE | P83: =IF(AND(OR(K83="",K83=" "),OR(M83=TRUE,N83=TRUE,O83=TRUE)),"ERROR", IF(OR(K83="",K83=" "),"-", IF(AND(TODAY()>K83,K83<>""),"PTE.", IF(AND(TODAY()<K83,O83=TRUE),"DESFAVORABLE", IF(AND(TODAY()<K83,O83=FALSE,OR(AND(M83=FALSE,N83=TRUE),AND(M83=TRUE,N83=TRUE))),"CONDICIONADO", IF(AND(TODAY()<K83,O83=FALSE,M83=TRUE,N83=FALSE),"FAVORABLE", IF(AND(OR(TODAY()<K83,K83=""),O83=FALSE,M83=FALSE,N83=FALSE),"ERROR","-"))))))) -> - | Q83: =REPT("██",IF(P83="Favorable",1,IF(P83="Condicionado",2,IF(P83="PTE.",3,IF(P83="desfavorable",4,"0")))))
A84: 74 | D84: 16.3 | E84: Carg. Electricos | F84: OCA | G84: 5 | K84: =IF(OR(J84="-",J84="")," ",IF(ISNUMBER(G84),J84+(365*G84),IF(G84="Mensual",J84+30,IF(G84="Trimestral",J84+91,IF(G84="Semestral",J84+182,IF(G84="Diario",J84+1,J84+365)))))) | M84: FALSE | N84: FALSE | O84: FALSE | P84: =IF(AND(OR(K84="",K84=" "),OR(M84=TRUE,N84=TRUE,O84=TRUE)),"ERROR", IF(OR(K84="",K84=" "),"-", IF(AND(TODAY()>K84,K84<>""),"PTE.", IF(AND(TODAY()<K84,O84=TRUE),"DESFAVORABLE", IF(AND(TODAY()<K84,O84=FALSE,OR(AND(M84=FALSE,N84=TRUE),AND(M84=TRUE,N84=TRUE))),"CONDICIONADO", IF(AND(TODAY()<K84,O84=FALSE,M84=TRUE,N84=FALSE),"FAVORABLE", IF(AND(OR(TODAY()<K84,K84=""),O84=FALSE,M84=FALSE,N84=FALSE),"ERROR","-"))))))) -> - | Q84: =REPT("██",IF(P84="Favorable",1,IF(P84="Condicionado",2,IF(P84="PTE.",3,IF(P84="desfavorable",4,"0")))))
A85: 75 | B85: 17 | C85: Megafonia | D85: 17 | E85: Megafonia | F85: Revision | G85: 1 | K85: =IF(OR(J85="-",J85="")," ",IF(ISNUMBER(G85),J85+(365*G85),IF(G85="Mensual",J85+30,IF(G85="Trimestral",J85+91,IF(G85="Semestral",J85+182,IF(G85="Diario",J85+1,J85+365)))))) | M85: FALSE | N85: FALSE | O85: FALSE | P85: =IF(AND(OR(K85="",K85=" "),OR(M85=TRUE,N85=TRUE,O85=TRUE)),"ERROR", IF(OR(K85="",K85=" "),"-", IF(AND(TODAY()>K85,K85<>""),"PTE.", IF(AND(TODAY()<K85,O85=TRUE),"DESFAVORABLE", IF(AND(TODAY()<K85,O85=FALSE,OR(AND(M85=FALSE,N85=TRUE),AND(M85=TRUE,N85=TRUE))),"CONDICIONADO", IF(AND(TODAY()<K85,O85=FALSE,M85=TRUE,N85=FALSE),"FAVORABLE", IF(AND(OR(TODAY()<K85,K85=""),O85=FALSE,M85=FALSE,N85=FALSE),"ERROR","-"))))))) -> - | Q85: =REPT("██",IF(P85="Favorable",1,IF(P85="Condicionado",2,IF(P85="PTE.",3,IF(P85="desfavorable",4,"0")))))
A86: 76 | B86: 18 | C86: Z. infantiles | D86: 18 | E86: Z. infantiles | F86: Revision | G86: 1 | K86: =IF(OR(J86="-",J86="")," ",IF(ISNUMBER(G86),J86+(365*G86),IF(G86="Mensual",J86+30,IF(G86="Trimestral",J86+91,IF(G86="Semestral",J86+182,IF(G86="Diario",J86+1,J86+365)))))) | M86: FALSE | N86: FALSE | O86: FALSE | P86: =IF(AND(OR(K86="",K86=" "),OR(M86=TRUE,N86=TRUE,O86=TRUE)),"ERROR", IF(OR(K86="",K86=" "),"-", IF(AND(TODAY()>K86,K86<>""),"PTE.", IF(AND(TODAY()<K86,O86=TRUE),"DESFAVORABLE", IF(AND(TODAY()<K86,O86=FALSE,OR(AND(M86=FALSE,N86=TRUE),AND(M86=TRUE,N86=TRUE))),"CONDICIONADO", IF(AND(TODAY()<K86,O86=FALSE,M86=TRUE,N86=FALSE),"FAVORABLE", IF(AND(OR(TODAY()<K86,K86=""),O86=FALSE,M86=FALSE,N86=FALSE),"ERROR","-"))))))) -> - | Q86: =REPT("██",IF(P86="Favorable",1,IF(P86="Condicionado",2,IF(P86="PTE.",3,IF(P86="desfavorable",4,"0"))))) | U86: Norma UNE-EN 1176-7:1998 - Solo especifica y obligatoria para Andalucia y Galicia
A87: 77 | B87: 19 | C87: Inst. Fotovoltaica | D87: 19 | E87: Inst. Fotovoltaica | F87: Revision | G87: 1 | K87: =IF(OR(J87="-",J87="")," ",IF(ISNUMBER(G87),J87+(365*G87),IF(G87="Mensual",J87+30,IF(G87="Trimestral",J87+91,IF(G87="Semestral",J87+182,IF(G87="Diario",J87+1,J87+365)))))) | M87: FALSE | N87: FALSE | O87: FALSE | P87: =IF(AND(OR(K87="",K87=" "),OR(M87=TRUE,N87=TRUE,O87=TRUE)),"ERROR", IF(OR(K87="",K87=" "),"-", IF(AND(TODAY()>K87,K87<>""),"PTE.", IF(AND(TODAY()<K87,O87=TRUE),"DESFAVORABLE", IF(AND(TODAY()<K87,O87=FALSE,OR(AND(M87=FALSE,N87=TRUE),AND(M87=TRUE,N87=TRUE))),"CONDICIONADO", IF(AND(TODAY()<K87,O87=FALSE,M87=TRUE,N87=FALSE),"FAVORABLE", IF(AND(OR(TODAY()<K87,K87=""),O87=FALSE,M87=FALSE,N87=FALSE),"ERROR","-"))))))) -> - | Q87: =REPT("██",IF(P87="Favorable",1,IF(P87="Condicionado",2,IF(P87="PTE.",3,IF(P87="desfavorable",4,"0")))))
A88: 78 | B88: 20 | C88: CCTV | D88: 20 | E88: CCTV | F88: Revision | G88: 1 | K88: =IF(OR(J88="-",J88="")," ",IF(ISNUMBER(G88),J88+(365*G88),IF(G88="Mensual",J88+30,IF(G88="Trimestral",J88+91,IF(G88="Semestral",J88+182,IF(G88="Diario",J88+1,J88+365)))))) | M88: FALSE | N88: FALSE | O88: FALSE | P88: =IF(AND(OR(K88="",K88=" "),OR(M88=TRUE,N88=TRUE,O88=TRUE)),"ERROR", IF(OR(K88="",K88=" "),"-", IF(AND(TODAY()>K88,K88<>""),"PTE.", IF(AND(TODAY()<K88,O88=TRUE),"DESFAVORABLE", IF(AND(TODAY()<K88,O88=FALSE,OR(AND(M88=FALSE,N88=TRUE),AND(M88=TRUE,N88=TRUE))),"CONDICIONADO", IF(AND(TODAY()<K88,O88=FALSE,M88=TRUE,N88=FALSE),"FAVORABLE", IF(AND(OR(TODAY()<K88,K88=""),O88=FALSE,M88=FALSE,N88=FALSE),"ERROR","-"))))))) -> - | Q88: =REPT("██",IF(P88="Favorable",1,IF(P88="Condicionado",2,IF(P88="PTE.",3,IF(P88="desfavorable",4,"0")))))
A89: 79 | B89: 21 | C89: DDD | D89: 21 | E89: DDD | F89: Revision | G89: Mensual | K89: =IF(OR(J89="-",J89="")," ",IF(ISNUMBER(G89),J89+(365*G89),IF(G89="Mensual",J89+30,IF(G89="Trimestral",J89+91,IF(G89="Semestral",J89+182,IF(G89="Diario",J89+1,J89+365)))))) | M89: FALSE | N89: FALSE | O89: FALSE | P89: =IF(AND(OR(K89="",K89=" "),OR(M89=TRUE,N89=TRUE,O89=TRUE)),"ERROR", IF(OR(K89="",K89=" "),"-", IF(AND(TODAY()>K89,K89<>""),"PTE.", IF(AND(TODAY()<K89,O89=TRUE),"DESFAVORABLE", IF(AND(TODAY()<K89,O89=FALSE,OR(AND(M89=FALSE,N89=TRUE),AND(M89=TRUE,N89=TRUE))),"CONDICIONADO", IF(AND(TODAY()<K89,O89=FALSE,M89=TRUE,N89=FALSE),"FAVORABLE", IF(AND(OR(TODAY()<K89,K89=""),O89=FALSE,M89=FALSE,N89=FALSE),"ERROR","-"))))))) -> - | Q89: =REPT("██",IF(P89="Favorable",1,IF(P89="Condicionado",2,IF(P89="PTE.",3,IF(P89="desfavorable",4,"0")))))
A90: 80 | B90: 30 | C90: Cert. Eficiencia Energ. | D90: 30 | E90: Cert. Eficiencia Energ. | F90: Renovacion | G90: 10 | K90: =IF(OR(J90="-",J90="")," ",IF(ISNUMBER(G90),J90+(365*G90),IF(G90="Mensual",J90+30,IF(G90="Trimestral",J90+91,IF(G90="Semestral",J90+182,IF(G90="Diario",J90+1,J90+365)))))) | M90: FALSE | N90: FALSE | O90: FALSE | P90: =IF(AND(OR(K90="",K90=" "),OR(M90=TRUE,N90=TRUE,O90=TRUE)),"ERROR", IF(OR(K90="",K90=" "),"-", IF(AND(TODAY()>K90,K90<>""),"PTE.", IF(AND(TODAY()<K90,O90=TRUE),"DESFAVORABLE", IF(AND(TODAY()<K90,O90=FALSE,OR(AND(M90=FALSE,N90=TRUE),AND(M90=TRUE,N90=TRUE))),"CONDICIONADO", IF(AND(TODAY()<K90,O90=FALSE,M90=TRUE,N90=FALSE),"FAVORABLE", IF(AND(OR(TODAY()<K90,K90=""),O90=FALSE,M90=FALSE,N90=FALSE),"ERROR","-"))))))) -> - | Q90: =REPT("██",IF(P90="Favorable",1,IF(P90="Condicionado",2,IF(P90="PTE.",3,IF(P90="desfavorable",4,"0"))))) | U90: RD 39/97
A91: 81 | B91: 40 | C91: Simulacro | D91: 40 | E91: Simulacro | F91: Actuacion | G91: 1 | K91: =IF(OR(J91="-",J91="")," ",IF(ISNUMBER(G91),J91+(365*G91),IF(G91="Mensual",J91+30,IF(G91="Trimestral",J91+91,IF(G91="Semestral",J91+182,IF(G91="Diario",J91+1,J91+365)))))) | M91: FALSE | N91: FALSE | O91: FALSE | P91: =IF(AND(OR(K91="",K91=" "),OR(M91=TRUE,N91=TRUE,O91=TRUE)),"ERROR", IF(OR(K91="",K91=" "),"-", IF(AND(TODAY()>K91,K91<>""),"PTE.", IF(AND(TODAY()<K91,O91=TRUE),"DESFAVORABLE", IF(AND(TODAY()<K91,O91=FALSE,OR(AND(M91=FALSE,N91=TRUE),AND(M91=TRUE,N91=TRUE))),"CONDICIONADO", IF(AND(TODAY()<K91,O91=FALSE,M91=TRUE,N91=FALSE),"FAVORABLE", IF(AND(OR(TODAY()<K91,K91=""),O91=FALSE,M91=FALSE,N91=FALSE),"ERROR","-"))))))) -> - | Q91: =REPT("██",IF(P91="Favorable",1,IF(P91="Condicionado",2,IF(P91="PTE.",3,IF(P91="desfavorable",4,"0")))))
A92: 82 | B92: 50 | C92: Eval. de RIESGOS | D92: 50 | E92: Eval. de RIESGOS | F92: Renovacion | G92: 1 | K92: =IF(OR(J92="-",J92="")," ",IF(ISNUMBER(G92),J92+(365*G92),IF(G92="Mensual",J92+30,IF(G92="Trimestral",J92+91,IF(G92="Semestral",J92+182,IF(G92="Diario",J92+1,J92+365)))))) | M92: FALSE | N92: FALSE | O92: FALSE | P92: =IF(AND(OR(K92="",K92=" "),OR(M92=TRUE,N92=TRUE,O92=TRUE)),"ERROR", IF(OR(K92="",K92=" "),"-", IF(AND(TODAY()>K92,K92<>""),"PTE.", IF(AND(TODAY()<K92,O92=TRUE),"DESFAVORABLE", IF(AND(TODAY()<K92,O92=FALSE,OR(AND(M92=FALSE,N92=TRUE),AND(M92=TRUE,N92=TRUE))),"CONDICIONADO", IF(AND(TODAY()<K92,O92=FALSE,M92=TRUE,N92=FALSE),"FAVORABLE", IF(AND(OR(TODAY()<K92,K92=""),O92=FALSE,M92=FALSE,N92=FALSE),"ERROR","-"))))))) -> - | Q92: =REPT("██",IF(P92="Favorable",1,IF(P92="Condicionado",2,IF(P92="PTE.",3,IF(P92="desfavorable",4,"0"))))) | U92: RD 39/97
A93: 83 | B93: 60 | C93: CAE | D93: 60 | E93: CAE | F93: Revision | G93: 1 | K93: =IF(OR(J93="-",J93="")," ",IF(ISNUMBER(G93),J93+(365*G93),IF(G93="Mensual",J93+30,IF(G93="Trimestral",J93+91,IF(G93="Semestral",J93+182,IF(G93="Diario",J93+1,J93+365)))))) | M93: FALSE | N93: FALSE | O93: FALSE | P93: =IF(AND(OR(K93="",K93=" "),OR(M93=TRUE,N93=TRUE,O93=TRUE)),"ERROR", IF(OR(K93="",K93=" "),"-", IF(AND(TODAY()>K93,K93<>""),"PTE.", IF(AND(TODAY()<K93,O93=TRUE),"DESFAVORABLE", IF(AND(TODAY()<K93,O93=FALSE,OR(AND(M93=FALSE,N93=TRUE),AND(M93=TRUE,N93=TRUE))),"CONDICIONADO", IF(AND(TODAY()<K93,O93=FALSE,M93=TRUE,N93=FALSE),"FAVORABLE", IF(AND(OR(TODAY()<K93,K93=""),O93=FALSE,M93=FALSE,N93=FALSE),"ERROR","-"))))))) -> - | Q93: =REPT("██",IF(P93="Favorable",1,IF(P93="Condicionado",2,IF(P93="PTE.",3,IF(P93="desfavorable",4,"0")))))
A94: 84 | B94: 100 | C94: PAU | D94: 100 | E94: PAU | F94: Renovacion | G94: 3 | K94: =IF(OR(J94="-",J94="")," ",IF(ISNUMBER(G94),J94+(365*G94),IF(G94="Mensual",J94+30,IF(G94="Trimestral",J94+91,IF(G94="Semestral",J94+182,IF(G94="Diario",J94+1,J94+365)))))) | M94: FALSE | N94: FALSE | O94: FALSE | P94: =IF(AND(OR(K94="",K94=" "),OR(M94=TRUE,N94=TRUE,O94=TRUE)),"ERROR", IF(OR(K94="",K94=" "),"-", IF(AND(TODAY()>K94,K94<>""),"PTE.", IF(AND(TODAY()<K94,O94=TRUE),"DESFAVORABLE", IF(AND(TODAY()<K94,O94=FALSE,OR(AND(M94=FALSE,N94=TRUE),AND(M94=TRUE,N94=TRUE))),"CONDICIONADO", IF(AND(TODAY()<K94,O94=FALSE,M94=TRUE,N94=FALSE),"FAVORABLE", IF(AND(OR(TODAY()<K94,K94=""),O94=FALSE,M94=FALSE,N94=FALSE),"ERROR","-"))))))) -> - | Q94: =REPT("██",IF(P94="Favorable",1,IF(P94="Condicionado",2,IF(P94="PTE.",3,IF(P94="desfavorable",4,"0"))))) | U94: RD 1468/2008

Sheet VISTA_ESTADO
B2: EVALUACION TECNICO LEGAL DEL CENTRO
E4: Nombre | F4: =FICHA!F2 -> MALAGA OCIO
E5: Direccion | F5: =FICHA!F3 -> C. Jaén, 1, 29004 Málaga
E6: Gerente | F6: =FICHA!F5 -> Maria Romero
E7: Fecha | F7: =FICHA!F6 -> 45805
E8: Tipo | F8: =FICHA!F7 -> Revision S1
B11: 📊 DASHBOARD RESUMEN
C13: RESULTADO: | F13: 📅 REVISIONES: | I13: CALIFICACION
F14: En fecha: | G14: =COUNTIF(FICHA!K11:K94,">"&TODAY()+90) -> 0 | I14: Punt. máx. posible | J14: =BD!N12 -> 0
C15: FAVORABLE | D15: =BD!N5 -> 0 | F15: Próx. 90d: | G15: =COUNTIFS(FICHA!K11:'FICHA'!K94,">"&TODAY()+60,FICHA!K11:'FICHA'!K94,"<="&TODAY()+90) -> 0
C16: CONDICIONADO | D16: =BD!N6 -> 0 | F16: Próx. 60d: | G16: =COUNTIFS(FICHA!K11:'FICHA'!K94,">"&TODAY()+30,FICHA!K11:'FICHA'!K94,"<="&TODAY()+60) -> 0 | I16: Punt. obtenida | J16: =BD!N13 -> 0 | L16: LEYENDA
C17: DESFAVORABLE | D17: =BD!N7 -> 0 | F17: Próx. 30d: | G17: =COUNTIFS(FICHA!K11:'FICHA'!K94,">="&TODAY(),FICHA!K11:'FICHA'!K94,"<="&TODAY()+30) -> 0
C18: PENDIENTE | D18: =BD!N8 -> 0 | F18: Vencidas: | G18: =COUNTIF(FICHA!K11:'FICHA'!K94,"<"&TODAY()) -> 0 | I18: % OBTENIDO | J18: =IF(I19<0.7,"NO APTO",IF(AND(I19>0.7,I19<0.8),"APTO COND.","APTO")) -> #DIV/0! | L18: No APTO: < 70%
C19: ERROR | D19: =BD!N9 -> 0 | E19: =IF(D19>0,1,"") | I19: =BD!N15 -> #DIV/0! | L19: Condicionado 70 % - 80 %
C20: Total Items sin errores: | D20: =BD!N11 -> 0 | F20: Total Items: | G20: =SUM(G14:G18) -> 0 | L20: APTO: > 80%
B23: 📊 VISTA DINÁMICA - SOLO ITEMS CON ESTADO
B24: Total Items: | C24: {=ROWS(_xlfn._xlws.FILTER(FICHA!P11:P94,FICHA!P11:P94<>"-",0))} -> 1 | D24: =IF(D19>0,"Existen celdas con ERROR. Por favor, verificar y corregir","")
B26: 🔄 Esta vista se actualiza AUTOMÁTICAMENTE cuando cambias datos en la pestaña FICHA
B28: Nº | C28: CATEGORÍA | D28: SUBCÓD. | E28: INSTALACIÓN | F28: ACTIVIDAD | G28: PRÓX. REV. | H28: ID | I28: EMPRESA | J28: ESTADO | K28: NIVEL | L28: F. 2ª Insp. | M28: COMENTARIO
B29: {=_xlfn.LET( _xlpm.datos,FICHA!A11:U94, _xlpm.colA_orig,INDEX(_xlpm.datos,,1), _xlpm.colB_orig,INDEX(_xlpm.datos,,2), _xlpm.colC_orig,INDEX(_xlpm.datos,,3), _xlpm.colD_orig,INDEX(_xlpm.datos,,4), _xlpm.colE_orig,INDEX(_xlpm.datos,,5), _xlpm.colF_orig,INDEX(_xlpm.datos,,6), _xlpm.colH_orig,INDEX(_xlpm.datos,,8), _xlpm.colI_orig,INDEX(_xlpm.datos,,9), _xlpm.colK_orig,INDEX(_xlpm.datos,,11), _xlpm.colP_orig,INDEX(_xlpm.datos,,16), _xlpm.colQ_orig,INDEX(_xlpm.datos,,17), _xlpm.colS_orig,INDEX(_xlpm.datos,,19), _xlpm.colT_orig,INDEX(_xlpm.datos,,20), _xlpm.fillC,_xlfn.SCAN("",_xlpm.colC_orig,_xlfn.LAMBDA(_xlpm.acc,_xlpm.val,IF(AND(_xlpm.val<>"",_xlpm.val<>0),_xlpm.val,_xlpm.acc))), _xlpm.fillD,_xlfn.SCAN("",_xlpm.colD_orig,_xlfn.LAMBDA(_xlpm.acc,_xlpm.val,IF(AND(_xlpm.val<>"",_xlpm.val<>0),_xlpm.val,_xlpm.acc))), _xlpm.fillE,_xlfn.SCAN("",_xlpm.colE_orig,_xlfn.LAMBDA(_xlpm.acc,_xlpm.val,IF(AND(_xlpm.val<>"",_xlpm.val<>0),_xlpm.val,_xlpm.acc))), _xlpm.colH_fix,_xlfn.MAP(_xlpm.colH_orig,_xlfn.LAMBDA(_xlpm.x,IF(OR(_xlpm.x="",_xlpm.x=0),"-",_xlpm.x))), _xlpm.colI_fix,_xlfn.MAP(_xlpm.colI_orig,_xlfn.LAMBDA(_xlpm.x,IF(OR(_xlpm.x="",_xlpm.x=0),"-",_xlpm.x))), _xlpm.colS_fix,_xlfn.MAP(_xlpm.colS_orig,_xlfn.LAMBDA(_xlpm.x,IF(OR(_xlpm.x="",_xlpm.x=0),"-",_xlpm.x))), _xlpm.colT_fix,_xlfn.MAP(_xlpm.colT_orig,_xlfn.LAMBDA(_xlpm.x,IF(OR(_xlpm.x="",_xlpm.x=0),"-",_xlpm.x))), _xlpm.datos_completos,_xlfn.HSTACK(_xlpm.colA_orig,_xlpm.fillC,_xlpm.fillD,_xlpm.fillE,_xlpm.colF_orig,_xlpm.colK_orig,_xlpm.colH_fix,_xlpm.colI_fix,_xlpm.colP_orig,_xlpm.colQ_orig,_xlpm.colT_fix,_xlpm.colS_fix), _xlpm.estado_col,INDEX(_xlpm.datos_completos,,9), _xlfn._xlws.FILTER(_xlpm.datos_completos,_xlpm.estado_col<>"-","Sin datos") )} -> Sin datos

Sheet BD
G1: CLAVE DESBLOQUEO: | H1: SAV
C2: - | D2: - | E2: - | F2: - | G2: - | H2: -
C3: 1 | D3: OASIZ | E3: OAS | F3: Eurofound | G3: Javier Alvarez | H3: Av. Premios Nobel, 5, 28850 Torrejón de Ardoz, Madrid | J3: CALCULO
C4: 3 | D4: LA DEHESA | E4: DEH | F4: Altixia | G4: Laura Gil | H4: C. Humanes, 11, 28805 Alcalá de Henares, Madrid
C5: 5 | D5: ABC SERRANO | E5: ABC | F5: Serrano61 | G5: Fernando Bravo | H5: C/ Serrano 61, Madrid | J5: 1 | K5: =IF(FICHA!P11="favorable",3,IF(FICHA!P11="condicionado",2,IF(OR(FICHA!P11="desfavorable",FICHA!P11="pte."),1,0))) -> 0 | M5: Fav. | N5: =COUNTIF(FICHA!$P$11:$P$107,"favorable") -> 0
C6: 6 | D6: ARAGONIA | E6: ARG | F6: Zaragoza Urbana | G6: Ana Alcoya | H6: Av. de Juan Carlos I, 44, 50009 Zaragoza | J6: 2 | K6: =IF(FICHA!P12="favorable",3,IF(FICHA!P12="condicionado",2,IF(OR(FICHA!P12="desfavorable",FICHA!P12="pte."),1,0))) -> 0 | M6: Cond. | N6: =COUNTIF(FICHA!$P$11:$P$107,"Condicionado") -> 0
C7: 7 | D7: BAHIA REAL | E7: BHR | F7: ECF Santander | G7: Laura Gil | H7: C/ Enrique Gran,2, Camargo Cantabria | J7: 3 | K7: =IF(FICHA!P13="favorable",3,IF(FICHA!P13="condicionado",2,IF(OR(FICHA!P13="desfavorable",FICHA!P13="pte."),1,0))) -> 0 | M7: Desf. | N7: =COUNTIF(FICHA!$P$11:$P$107,"desfavorable") -> 0
C8: 8 | D8: CAMINO REAL | E8: CRE | F8: Aliseda | G8: Laura Gil | H8: A-2, Km 16.5, 28830 San Fernando de Henares, Madrid | J8: 4 | K8: =IF(FICHA!P14="favorable",3,IF(FICHA!P14="condicionado",2,IF(OR(FICHA!P14="desfavorable",FICHA!P14="pte."),1,0))) -> 0 | M8: Pte. | N8: =COUNTIF(FICHA!$P$11:$P$107,"Pte.") -> 0
C9: 9 | D9: EDIFICIO MUNDO | E9: EDM | F9: CCPP Edificio Mundo | G9: Vicente Gomez | H9: 46960 Aldaia, Valencia | J9: 5 | K9: =IF(FICHA!P15="favorable",3,IF(FICHA!P15="condicionado",2,IF(OR(FICHA!P15="desfavorable",FICHA!P15="pte."),1,0))) -> 0 | M9: Error | N9: =COUNTIF(FICHA!$P$11:$P$107,"Error") -> 0
C10: 10 | D10: SESTAO | E10: SES | F10: Unifor | G10: Laura Gil | H10: Av. Juncal de Allende, Markonzaga, 48910 Sestao, Biscaya | J10: 6 | K10: =IF(FICHA!P16="favorable",3,IF(FICHA!P16="condicionado",2,IF(OR(FICHA!P16="desfavorable",FICHA!P16="pte."),1,0))) -> 0
C11: 12 | D11: LA NORIA | E11: LNO | F11: Realia | G11: German Lopez | H11: Salida 571, A7, Murcia | J11: 7 | K11: =IF(FICHA!P17="favorable",3,IF(FICHA!P17="condicionado",2,IF(OR(FICHA!P17="desfavorable",FICHA!P17="pte."),1,0))) -> 0 | M11: Numero de celdas | N11: =COUNTIFS(K5:K95,"<>0",K5:K95,"<>") -> 0
C12: 13 | D12: LA VEGA | E12: LVE | F12: Capfield | G12: Gustavo Pines | H12: Av. Olímpica, 9, Alcobendas, Madrid | J12: 8 | K12: =IF(FICHA!P18="favorable",3,IF(FICHA!P18="condicionado",2,IF(OR(FICHA!P18="desfavorable",FICHA!P18="pte."),1,0))) -> 0 | M12: Punt. Maxima | N12: =N11*3 -> 0
C13: 14.1 | D13: CALAHORRA | E13: CAL | F13: Eroski | G13: Monica Castro | J13: 9 | K13: =IF(FICHA!P19="favorable",3,IF(FICHA!P19="condicionado",2,IF(OR(FICHA!P19="desfavorable",FICHA!P19="pte."),1,0))) -> 0 | M13: Punt Obtenida | N13: =SUM(K5:K95) -> 0
C14: 14.2 | D14: LUZ DE CASTILLA | E14: LDC | F14: Eroski | G14: Alexia Fernandez | H14: Poligono Industrial El Cerro, 40006 Segovia | J14: 10 | K14: =IF(FICHA!P20="favorable",3,IF(FICHA!P20="condicionado",2,IF(OR(FICHA!P20="desfavorable",FICHA!P20="pte."),1,0))) -> 0
C15: 14.3 | D15: TUDELA | E15: TUD | F15: Eroski | G15: Monica Castro | H15: Carr. Zaragoza, s/n, 31500 Tudela, Navarra | J15: 11 | K15: =IF(FICHA!P21="favorable",3,IF(FICHA!P21="condicionado",2,IF(OR(FICHA!P21="desfavorable",FICHA!P21="pte."),1,0))) -> 0 | M15: % OBTENIDO | N15: =N13/(N12) -> #DIV/0!
C16: 14.4 | D16: TUSIA | E16: TUS | F16: Eroski | G16: Monica Castro | J16: 12 | K16: =IF(FICHA!P22="favorable",3,IF(FICHA!P22="condicionado",2,IF(OR(FICHA!P22="desfavorable",FICHA!P22="pte."),1,0))) -> 0
C17: 14.5 | D17: IRUÑA | E17: IRU | F17: Eroski | G17: Monica Castro | J17: 13 | K17: =IF(FICHA!P23="favorable",3,IF(FICHA!P23="condicionado",2,IF(OR(FICHA!P23="desfavorable",FICHA!P23="pte."),1,0))) -> 0
C18: 16 | D18: MALAGA OCIO | E18: MNO | F18: CCPP MNO | G18: Maria Romero | H18: C. Jaén, 1, 29004 Málaga | J18: 14 | K18: =IF(FICHA!P24="favorable",3,IF(FICHA!P24="condicionado",2,IF(OR(FICHA!P24="desfavorable",FICHA!P24="pte."),1,0))) -> 0 | M18: Leyenda: PUNTUACION
C19: 17 | D19: MALAGA FACTORY | E19: MFC | F19: CCPP MNO | G19: Maria Romero | H19: C. Jaén, 1, 29004 Málaga | J19: 15 | K19: =IF(FICHA!P25="favorable",3,IF(FICHA!P25="condicionado",2,IF(OR(FICHA!P25="desfavorable",FICHA!P25="pte."),1,0))) -> 0 | M19: Favorable | N19: 3
C20: 18 | D20: PLAZA EBOLI | E20: PLE | F20: HIG | G20: Carmen Aranda | H20: C. Pablo Picasso, s/n, 28320 Pinto, Madrid | J20: 16 | K20: =IF(FICHA!P26="favorable",3,IF(FICHA!P26="condicionado",2,IF(OR(FICHA!P26="desfavorable",FICHA!P26="pte."),1,0))) -> 0 | M20: Condicionado | N20: 2
C21: 19 | D21: PLAZA NUEVA | E21: PLN | F21: Realia | G21: Vicente Gomez | H21: Avenida Puerta del Sol, 2, 28918 Leganés, Madrid. | J21: 17 | K21: =IF(FICHA!P27="favorable",3,IF(FICHA!P27="condicionado",2,IF(OR(FICHA!P27="desfavorable",FICHA!P27="pte."),1,0))) -> 0 | M21: Desfavorable | N21: 1
C22: 20 | D22: MERCADO DE CAMPANAR | E22: MDC | F22: MDSR | G22: Pedro Bermejo | H22: Av. de Tirso de Molina, 16, Campanar, 46015 València, Valencia | J22: 18 | K22: =IF(FICHA!P28="favorable",3,IF(FICHA!P28="condicionado",2,IF(OR(FICHA!P28="desfavorable",FICHA!P28="pte."),1,0))) -> 0 | M22: Pendiente | N22: 1
C23: 22 | D23: TRES AGUAS | E23: TAG | F23: Paseo Comercial | G23: Manuel Sevillano | H23: Av. San Martín de Valdeiglesias, 20, 28922 Alcorcón, Madrid | J23: 19 | K23: =IF(FICHA!P29="favorable",3,IF(FICHA!P29="condicionado",2,IF(OR(FICHA!P29="desfavorable",FICHA!P29="pte."),1,0))) -> 0
C24: 24 | D24: WAY DOS HERMANAS | E24: WAY | F24: Kronos | G24: Esther Santos | H24: Av. los Peregrinos, 8-10, 24008 León | J24: 20 | K24: =IF(FICHA!P30="favorable",3,IF(FICHA!P30="condicionado",2,IF(OR(FICHA!P30="desfavorable",FICHA!P30="pte."),1,0))) -> 0
C25: 27 | D25: REALTY | E25: REA | F25: Realty | J25: 21 | K25: =IF(FICHA!P31="favorable",3,IF(FICHA!P31="condicionado",2,IF(OR(FICHA!P31="desfavorable",FICHA!P31="pte."),1,0))) -> 0
C26: 28 | D26: MADNUM | E26: MAD | F26: Inmobiliaria Colonial | J26: 22 | K26: =IF(FICHA!P32="favorable",3,IF(FICHA!P32="condicionado",2,IF(OR(FICHA!P32="desfavorable",FICHA!P32="pte."),1,0))) -> 0
C27: 35 | D27: THE OUTLET STORE | E27: TOS | F27: Tosa | G27: Andres Enciso | H27: Cl. Alicante, 94. S. Vicent del Raspeig, Alicante | J27: 23 | K27: =IF(FICHA!P33="favorable",3,IF(FICHA!P33="condicionado",2,IF(OR(FICHA!P33="desfavorable",FICHA!P33="pte."),1,0))) -> 0
C28: 36 | D28: 8ª AVENIDA | E28: 8ªAV | F28: Castellana | G28: Sérgio Queirós | H28: Av. Dr. Renato Araújo 1625, 3700-346 São João da Madeira, Portugal | J28: 24 | K28: =IF(FICHA!P34="favorable",3,IF(FICHA!P34="condicionado",2,IF(OR(FICHA!P34="desfavorable",FICHA!P34="pte."),1,0))) -> 0
C29: 37 | D29: LOURE SHOPPING | E29: LOU | F29: Castellana | G29: Valter Romão | H29: Av. Descobertas 90, 2670-457 Loures, Portugal | J29: 25 | K29: =IF(FICHA!P35="favorable",3,IF(FICHA!P35="condicionado",2,IF(OR(FICHA!P35="desfavorable",FICHA!P35="pte."),1,0))) -> 0
C30: 38 | D30: RIOSUL | E30: RIO | F30: Castellana | H30: Av. Libertadores de Timor Loro Sae, 2840-168 Seixal, Portugal | J30: 26 | K30: =IF(FICHA!P36="favorable",3,IF(FICHA!P36="condicionado",2,IF(OR(FICHA!P36="desfavorable",FICHA!P36="pte."),1,0))) -> 0
C31: 39 | D31: FORUMMADEIRA | E31: FOR | F31: Castellana | G31: Rita Paixão | H31: Estrada Monumental 390, São Martinho, 9004-568 Funchal, Portugal | J31: 27 | K31: =IF(FICHA!P37="favorable",3,IF(FICHA!P37="condicionado",2,IF(OR(FICHA!P37="desfavorable",FICHA!P37="pte."),1,0))) -> 0
C32: 41 | D32: NASAS NIGRAN | E32: NAS | G32: Laura Gil | H32: Parque emp. Porto do Molle, Rúa das Pontes, 2, 36350 Nigrán, Pontevedra | J32: 28 | K32: =IF(FICHA!P38="favorable",3,IF(FICHA!P38="condicionado",2,IF(OR(FICHA!P38="desfavorable",FICHA!P38="pte."),1,0))) -> 0
J33: 29 | K33: =IF(FICHA!P39="favorable",3,IF(FICHA!P39="condicionado",2,IF(OR(FICHA!P39="desfavorable",FICHA!P39="pte."),1,0))) -> 0
J34: 30 | K34: =IF(FICHA!P40="favorable",3,IF(FICHA!P40="condicionado",2,IF(OR(FICHA!P40="desfavorable",FICHA!P40="pte."),1,0))) -> 0
J35: 31 | K35: =IF(FICHA!P41="favorable",3,IF(FICHA!P41="condicionado",2,IF(OR(FICHA!P41="desfavorable",FICHA!P41="pte."),1,0))) -> 0
J36: 32 | K36: =IF(FICHA!P42="favorable",3,IF(FICHA!P42="condicionado",2,IF(OR(FICHA!P42="desfavorable",FICHA!P42="pte."),1,0))) -> 0
J37: 33 | K37: =IF(FICHA!P43="favorable",3,IF(FICHA!P43="condicionado",2,IF(OR(FICHA!P43="desfavorable",FICHA!P43="pte."),1,0))) -> 0
J38: 34 | K38: =IF(FICHA!P44="favorable",3,IF(FICHA!P44="condicionado",2,IF(OR(FICHA!P44="desfavorable",FICHA!P44="pte."),1,0))) -> 0
J39: 35 | K39: =IF(FICHA!P45="favorable",3,IF(FICHA!P45="condicionado",2,IF(OR(FICHA!P45="desfavorable",FICHA!P45="pte."),1,0))) -> 0
J40: 36 | K40: =IF(FICHA!P46="favorable",3,IF(FICHA!P46="condicionado",2,IF(OR(FICHA!P46="desfavorable",FICHA!P46="pte."),1,0))) -> 0
J41: 37 | K41: =IF(FICHA!P47="favorable",3,IF(FICHA!P47="condicionado",2,IF(OR(FICHA!P47="desfavorable",FICHA!P47="pte."),1,0))) -> 0
J42: 38 | K42: =IF(FICHA!P48="favorable",3,IF(FICHA!P48="condicionado",2,IF(OR(FICHA!P48="desfavorable",FICHA!P48="pte."),1,0))) -> 0
J43: 39 | K43: =IF(FICHA!P49="favorable",3,IF(FICHA!P49="condicionado",2,IF(OR(FICHA!P49="desfavorable",FICHA!P49="pte."),1,0))) -> 0
E44: Revision S1 | J44: 40 | K44: =IF(FICHA!P50="favorable",3,IF(FICHA!P50="condicionado",2,IF(OR(FICHA!P50="desfavorable",FICHA!P50="pte."),1,0))) -> 0
E45: Revision S2 | J45: 41 | K45: =IF(FICHA!P51="favorable",3,IF(FICHA!P51="condicionado",2,IF(OR(FICHA!P51="desfavorable",FICHA!P51="pte."),1,0))) -> 0
E46: Actualizacion | J46: 42 | K46: =IF(FICHA!P52="favorable",3,IF(FICHA!P52="condicionado",2,IF(OR(FICHA!P52="desfavorable",FICHA!P52="pte."),1,0))) -> 0
J47: 43 | K47: =IF(FICHA!P53="favorable",3,IF(FICHA!P53="condicionado",2,IF(OR(FICHA!P53="desfavorable",FICHA!P53="pte."),1,0))) -> 0
J48: 44 | K48: =IF(FICHA!P54="favorable",3,IF(FICHA!P54="condicionado",2,IF(OR(FICHA!P54="desfavorable",FICHA!P54="pte."),1,0))) -> 0
J49: 45 | K49: =IF(FICHA!P55="favorable",3,IF(FICHA!P55="condicionado",2,IF(OR(FICHA!P55="desfavorable",FICHA!P55="pte."),1,0))) -> 0
J50: 46 | K50: =IF(FICHA!P56="favorable",3,IF(FICHA!P56="condicionado",2,IF(OR(FICHA!P56="desfavorable",FICHA!P56="pte."),1,0))) -> 0
J51: 47 | K51: =IF(FICHA!P57="favorable",3,IF(FICHA!P57="condicionado",2,IF(OR(FICHA!P57="desfavorable",FICHA!P57="pte."),1,0))) -> 0
J52: 48 | K52: =IF(FICHA!P58="favorable",3,IF(FICHA!P58="condicionado",2,IF(OR(FICHA!P58="desfavorable",FICHA!P58="pte."),1,0))) -> 0
J53: 49 | K53: =IF(FICHA!P59="favorable",3,IF(FICHA!P59="condicionado",2,IF(OR(FICHA!P59="desfavorable",FICHA!P59="pte."),1,0))) -> 0
J54: 50 | K54: =IF(FICHA!P60="favorable",3,IF(FICHA!P60="condicionado",2,IF(OR(FICHA!P60="desfavorable",FICHA!P60="pte."),1,0))) -> 0
J55: 51 | K55: =IF(FICHA!P61="favorable",3,IF(FICHA!P61="condicionado",2,IF(OR(FICHA!P61="desfavorable",FICHA!P61="pte."),1,0))) -> 0
J56: 52 | K56: =IF(FICHA!P62="favorable",3,IF(FICHA!P62="condicionado",2,IF(OR(FICHA!P62="desfavorable",FICHA!P62="pte."),1,0))) -> 0
J57: 53 | K57: =IF(FICHA!P63="favorable",3,IF(FICHA!P63="condicionado",2,IF(OR(FICHA!P63="desfavorable",FICHA!P63="pte."),1,0))) -> 0
J58: 54 | K58: =IF(FICHA!P64="favorable",3,IF(FICHA!P64="condicionado",2,IF(OR(FICHA!P64="desfavorable",FICHA!P64="pte."),1,0))) -> 0
... J92: 88 | K92: =IF(FICHA!P98="favorable",3,IF(FICHA!P98="condicionado",2,IF(OR(FICHA!P98="desfavorable",FICHA!P98="pte."),1,0))) -> 0
